NA,Наушники,Провод.HDMI,Ноутбук,DVD.плеер,ЖК.телевизор,Холодильник
NA,Ноутбук,ЖК.телевизор,ПК
NA,Домашний.кинотеатр,DVD.плеер,ЖК.телевизор,ПК
NA,Наушники,DVD.плеер,ЖК.телевизор,ПК,Холодильник,Принтер
NA,Наушники,Провод.HDMI,Домашний.кинотеатр,DVD.плеер,ЖК.телевизор,Холодильник
NA,Провод.HDMI,Домашний.кинотеатр,DVD.плеер,ЖК.телевизор,Принтер
NA,Наушники,Домашний.кинотеатр,Ноутбук,DVD.плеер,Холодильник
NA,Провод.HDMI,Ноутбук,ЖК.телевизор,Принтер
NA,Наушники,Ноутбук,DVD.плеер,ЖК.телевизор,ПК,Холодильник,Принтер
NA,Наушники,Провод.HDMI,Домашний.кинотеатр,Холодильник
NA,Провод.HDMI,Ноутбук,Принтер
NA,Провод.HDMI,Ноутбук,Принтер
NA,Провод.HDMI,Ноутбук,Принтер
NA,Провод.HDMI,Ноутбук,Принтер
NA,Провод.HDMI,Ноутбук,Принтер
NA,Провод.HDMI,Ноутбук,Принтер
NA,Провод.HDMI,Ноутбук,Принтер
NA,Провод.HDMI,Ноутбук,Принтер
NA,Провод.HDMI,Ноутбук,Принтер
NA
NA
NA
NA
NA
NA
NA
NA
NA
NA
NA
NA
NA
NA
NA
NA,Провод.HDMI,DVD.плеер,ЖК.телевизор
NA,Провод.HDMI,DVD.плеер,ЖК.телевизор
NA,Провод.HDMI,DVD.плеер,ЖК.телевизор
NA,Провод.HDMI,DVD.плеер,ЖК.телевизор
NA,Провод.HDMI,DVD.плеер,ЖК.телевизор
NA,Провод.HDMI,DVD.плеер,ЖК.телевизор
NA,Провод.HDMI,DVD.плеер,ЖК.телевизор
NA,Провод.HDMI,DVD.плеер,ЖК.телевизор
NA,Провод.HDMI,DVD.плеер,ЖК.телевизор
NA,Провод.HDMI,DVD.плеер,ЖК.телевизор
NA,Провод.HDMI,DVD.плеер,ЖК.телевизор
NA,Провод.HDMI,DVD.плеер,ЖК.телевизор
NA,Провод.HDMI,DVD.плеер,ЖК.телевизор
NA,Провод.HDMI,DVD.плеер,ЖК.телевизор
NA,Провод.HDMI,DVD.плеер,ЖК.телевизор
NA,Провод.HDMI,ПК,Принтер
NA,Провод.HDMI,ПК,Принтер
NA,Провод.HDMI,ПК,Принтер
NA,Провод.HDMI,ПК,Принтер
NA,Провод.HDMI,ПК,Принтер
NA,Провод.HDMI,ПК,Принтер
NA,Провод.HDMI,ПК,Принтер
NA,Провод.HDMI,ПК,Принтер
NA,Провод.HDMI,ПК,Принтер
NA,Провод.HDMI,ПК,Принтер
NA,Провод.HDMI,ПК,Принтер
NA,Провод.HDMI,ПК,Принтер
NA,Провод.HDMI,ПК,Принтер
NA
NA
NA
NA
NA
NA
NA
NA
NA
NA
NA
NA
NA
NA
NA,Наушники,Провод.HDMI,Ноутбук,DVD.плеер,ЖК.телевизор,Холодильник
NA,Ноутбук,ЖК.телевизор,ПК
NA,Домашний.кинотеатр,DVD.плеер,ЖК.телевизор,ПК
NA,Наушники,DVD.плеер,ЖК.телевизор,ПК,Холодильник,Принтер
NA,Наушники,Провод.HDMI,Домашний.кинотеатр,DVD.плеер,ЖК.телевизор,Холодильник
NA,Провод.HDMI,Домашний.кинотеатр,DVD.плеер,ЖК.телевизор,Принтер
NA,Наушники,Домашний.кинотеатр,Ноутбук,DVD.плеер,Холодильник
NA,Провод.HDMI,Ноутбук,ЖК.телевизор,Принтер
NA,Наушники,Ноутбук,DVD.плеер,ЖК.телевизор,ПК,Холодильник,Принтер
NA,Наушники,Провод.HDMI,Домашний.кинотеатр,Холодильник
NA,Провод.HDMI,Ноутбук,Принтер
NA,Провод.HDMI,Ноутбук,Принтер
NA,Провод.HDMI,Ноутбук,Принтер
NA,Провод.HDMI,Ноутбук,Принтер
NA,Провод.HDMI,Ноутбук,Принтер
NA,Провод.HDMI,Ноутбук,Принтер
NA,Провод.HDMI,Ноутбук,Принтер
NA,Провод.HDMI,Ноутбук,Принтер
NA,Провод.HDMI,Ноутбук,Принтер
NA
NA
NA
NA
NA
NA
NA
NA
NA
NA
NA
NA
NA
NA
NA
NA,Провод.HDMI,DVD.плеер,ЖК.телевизор
NA,Провод.HDMI,DVD.плеер,ЖК.телевизор
NA,Провод.HDMI,DVD.плеер,ЖК.телевизор
NA,Провод.HDMI,DVD.плеер,ЖК.телевизор
NA,Провод.HDMI,DVD.плеер,ЖК.телевизор
NA,Провод.HDMI,DVD.плеер,ЖК.телевизор
NA,Провод.HDMI,DVD.плеер,ЖК.телевизор
NA,Провод.HDMI,DVD.плеер,ЖК.телевизор
NA,Провод.HDMI,DVD.плеер,ЖК.телевизор
NA,Провод.HDMI,DVD.плеер,ЖК.телевизор
NA,Провод.HDMI,DVD.плеер,ЖК.телевизор
NA,Провод.HDMI,DVD.плеер,ЖК.телевизор
NA,Провод.HDMI,DVD.плеер,ЖК.телевизор
NA,Провод.HDMI,DVD.плеер,ЖК.телевизор
NA,Провод.HDMI,DVD.плеер,ЖК.телевизор
NA,Провод.HDMI,ПК,Принтер
NA,Провод.HDMI,ПК,Принтер
NA,Провод.HDMI,ПК,Принтер
NA,Провод.HDMI,ПК,Принтер
NA,Провод.HDMI,ПК,Принтер
NA,Провод.HDMI,ПК,Принтер
NA,Провод.HDMI,ПК,Принтер
NA,Провод.HDMI,ПК,Принтер
NA,Провод.HDMI,ПК,Принтер
NA,Провод.HDMI,ПК,Принтер
NA,Провод.HDMI,ПК,Принтер
NA,Провод.HDMI,ПК,Принтер
NA,Провод.HDMI,ПК,Принтер
NA
NA
NA
NA
NA
NA
NA
NA
NA
NA
NA
NA
NA
NA
NA,Наушники,Провод.HDMI,Ноутбук,DVD.плеер,ЖК.телевизор,Холодильник
NA,Ноутбук,ЖК.телевизор,ПК
NA,Домашний.кинотеатр,DVD.плеер,ЖК.телевизор,ПК
NA,Наушники,DVD.плеер,ЖК.телевизор,ПК,Холодильник,Принтер
NA,Наушники,Провод.HDMI,Домашний.кинотеатр,DVD.плеер,ЖК.телевизор,Холодильник
NA,Провод.HDMI,Домашний.кинотеатр,DVD.плеер,ЖК.телевизор,Принтер
NA,Наушники,Домашний.кинотеатр,Ноутбук,DVD.плеер,Холодильник
NA,Провод.HDMI,Ноутбук,ЖК.телевизор,Принтер
NA,Наушники,Ноутбук,DVD.плеер,ЖК.телевизор,ПК,Холодильник,Принтер
NA,Наушники,Провод.HDMI,Домашний.кинотеатр,Холодильник
NA,Провод.HDMI,Ноутбук,Принтер
NA,Провод.HDMI,Ноутбук,Принтер
NA,Провод.HDMI,Ноутбук,Принтер
NA,Провод.HDMI,Ноутбук,Принтер
NA,Провод.HDMI,Ноутбук,Принтер
NA,Провод.HDMI,Ноутбук,Принтер
NA,Провод.HDMI,Ноутбук,Принтер
NA,Провод.HDMI,Ноутбук,Принтер
NA,Провод.HDMI,Ноутбук,Принтер
NA
NA
NA
NA
NA
NA
NA
NA
NA
NA
NA
NA
NA
NA
NA
NA,Провод.HDMI,DVD.плеер,ЖК.телевизор
NA,Провод.HDMI,DVD.плеер,ЖК.телевизор
NA,Провод.HDMI,DVD.плеер,ЖК.телевизор
NA,Провод.HDMI,DVD.плеер,ЖК.телевизор
NA,Провод.HDMI,DVD.плеер,ЖК.телевизор
NA,Провод.HDMI,DVD.плеер,ЖК.телевизор
NA,Провод.HDMI,DVD.плеер,ЖК.телевизор
NA,Провод.HDMI,DVD.плеер,ЖК.телевизор
NA,Провод.HDMI,DVD.плеер,ЖК.телевизор
NA,Провод.HDMI,DVD.плеер,ЖК.телевизор
NA,Провод.HDMI,DVD.плеер,ЖК.телевизор
NA,Провод.HDMI,DVD.плеер,ЖК.телевизор
NA,Провод.HDMI,DVD.плеер,ЖК.телевизор
NA,Провод.HDMI,DVD.плеер,ЖК.телевизор
NA,Провод.HDMI,DVD.плеер,ЖК.телевизор
NA,Провод.HDMI,ПК,Принтер
NA,Провод.HDMI,ПК,Принтер
NA,Провод.HDMI,ПК,Принтер
NA,Провод.HDMI,ПК,Принтер
NA,Провод.HDMI,ПК,Принтер
NA,Провод.HDMI,ПК,Принтер
NA,Провод.HDMI,ПК,Принтер
NA,Провод.HDMI,ПК,Принтер
NA,Провод.HDMI,ПК,Принтер
NA,Провод.HDMI,ПК,Принтер
NA,Провод.HDMI,ПК,Принтер
NA,Провод.HDMI,ПК,Принтер
NA,Провод.HDMI,ПК,Принтер
NA
NA
NA
NA
NA
NA
NA
NA
NA
NA
NA
NA
NA
NA
NA,Наушники,Провод.HDMI,Ноутбук,DVD.плеер,ЖК.телевизор,Холодильник
NA,Ноутбук,ЖК.телевизор,ПК
NA,Домашний.кинотеатр,DVD.плеер,ЖК.телевизор,ПК
NA,Наушники,DVD.плеер,ЖК.телевизор,ПК,Холодильник,Принтер
NA,Наушники,Провод.HDMI,Домашний.кинотеатр,DVD.плеер,ЖК.телевизор,Холодильник
NA,Провод.HDMI,Домашний.кинотеатр,DVD.плеер,ЖК.телевизор,Принтер
NA,Наушники,Домашний.кинотеатр,Ноутбук,DVD.плеер,Холодильник
NA,Провод.HDMI,Ноутбук,ЖК.телевизор,Принтер
NA,Наушники,Ноутбук,DVD.плеер,ЖК.телевизор,ПК,Холодильник,Принтер
NA,Наушники,Провод.HDMI,Домашний.кинотеатр,Холодильник
NA,Провод.HDMI,Ноутбук,Принтер
NA,Провод.HDMI,Ноутбук,Принтер
NA,Провод.HDMI,Ноутбук,Принтер
NA,Провод.HDMI,Ноутбук,Принтер
NA,Провод.HDMI,Ноутбук,Принтер
NA,Провод.HDMI,Ноутбук,Принтер
NA,Провод.HDMI,Ноутбук,Принтер
NA,Провод.HDMI,Ноутбук,Принтер
NA,Провод.HDMI,Ноутбук,Принтер
NA
NA
NA
NA
NA
NA
NA
NA
NA
NA
NA
NA
NA
NA
NA
NA,Провод.HDMI,DVD.плеер,ЖК.телевизор
NA,Провод.HDMI,DVD.плеер,ЖК.телевизор
NA,Провод.HDMI,DVD.плеер,ЖК.телевизор
NA,Провод.HDMI,DVD.плеер,ЖК.телевизор
NA,Провод.HDMI,DVD.плеер,ЖК.телевизор
NA,Провод.HDMI,DVD.плеер,ЖК.телевизор
NA,Провод.HDMI,DVD.плеер,ЖК.телевизор
NA,Провод.HDMI,DVD.плеер,ЖК.телевизор
NA,Провод.HDMI,DVD.плеер,ЖК.телевизор
NA,Провод.HDMI,DVD.плеер,ЖК.телевизор
NA,Провод.HDMI,DVD.плеер,ЖК.телевизор
NA,Провод.HDMI,DVD.плеер,ЖК.телевизор
NA,Провод.HDMI,DVD.плеер,ЖК.телевизор
NA,Провод.HDMI,DVD.плеер,ЖК.телевизор
NA,Провод.HDMI,DVD.плеер,ЖК.телевизор
NA,Провод.HDMI,ПК,Принтер
NA,Провод.HDMI,ПК,Принтер
NA,Провод.HDMI,ПК,Принтер
NA,Провод.HDMI,ПК,Принтер
NA,Провод.HDMI,ПК,Принтер
NA,Провод.HDMI,ПК,Принтер
NA,Провод.HDMI,ПК,Принтер
NA,Провод.HDMI,ПК,Принтер
NA,Провод.HDMI,ПК,Принтер
NA,Провод.HDMI,ПК,Принтер
NA,Провод.HDMI,ПК,Принтер
NA,Провод.HDMI,ПК,Принтер
NA,Провод.HDMI,ПК,Принтер
NA
NA
NA
NA
NA
NA
NA
NA
NA
NA
NA
NA
NA
NA
NA,Наушники,Провод.HDMI,Ноутбук,DVD.плеер,ЖК.телевизор,Холодильник
NA,Ноутбук,ЖК.телевизор,ПК
NA,Домашний.кинотеатр,DVD.плеер,ЖК.телевизор,ПК
NA,Наушники,DVD.плеер,ЖК.телевизор,ПК,Холодильник,Принтер
NA,Наушники,Провод.HDMI,Домашний.кинотеатр,DVD.плеер,ЖК.телевизор,Холодильник
NA,Провод.HDMI,Домашний.кинотеатр,DVD.плеер,ЖК.телевизор,Принтер
NA,Наушники,Домашний.кинотеатр,Ноутбук,DVD.плеер,Холодильник
NA,Провод.HDMI,Ноутбук,ЖК.телевизор,Принтер
NA,Наушники,Ноутбук,DVD.плеер,ЖК.телевизор,ПК,Холодильник,Принтер
NA,Наушники,Провод.HDMI,Домашний.кинотеатр,Холодильник
NA,Провод.HDMI,Ноутбук,Принтер
NA,Провод.HDMI,Ноутбук,Принтер
NA,Провод.HDMI,Ноутбук,Принтер
NA,Провод.HDMI,Ноутбук,Принтер
NA,Провод.HDMI,Ноутбук,Принтер
NA,Провод.HDMI,Ноутбук,Принтер
NA,Провод.HDMI,Ноутбук,Принтер
NA,Провод.HDMI,Ноутбук,Принтер
NA,Провод.HDMI,Ноутбук,Принтер
NA
NA
NA
NA
NA
NA
NA
NA
NA
NA
NA
NA
NA
NA
NA
NA,Провод.HDMI,DVD.плеер,ЖК.телевизор
NA,Провод.HDMI,DVD.плеер,ЖК.телевизор
NA,Провод.HDMI,DVD.плеер,ЖК.телевизор
NA,Провод.HDMI,DVD.плеер,ЖК.телевизор
NA,Провод.HDMI,DVD.плеер,ЖК.телевизор
NA,Провод.HDMI,DVD.плеер,ЖК.телевизор
NA,Провод.HDMI,DVD.плеер,ЖК.телевизор
NA,Провод.HDMI,DVD.плеер,ЖК.телевизор
NA,Провод.HDMI,DVD.плеер,ЖК.телевизор
NA,Провод.HDMI,DVD.плеер,ЖК.телевизор
NA,Провод.HDMI,DVD.плеер,ЖК.телевизор
NA,Провод.HDMI,DVD.плеер,ЖК.телевизор
NA,Провод.HDMI,DVD.плеер,ЖК.телевизор
NA,Провод.HDMI,DVD.плеер,ЖК.телевизор
NA,Провод.HDMI,DVD.плеер,ЖК.телевизор
NA,Провод.HDMI,ПК,Принтер
NA,Провод.HDMI,ПК,Принтер
NA,Провод.HDMI,ПК,Принтер
NA,Провод.HDMI,ПК,Принтер
NA,Провод.HDMI,ПК,Принтер
NA,Провод.HDMI,ПК,Принтер
NA,Провод.HDMI,ПК,Принтер
NA,Провод.HDMI,ПК,Принтер
NA,Провод.HDMI,ПК,Принтер
NA,Провод.HDMI,ПК,Принтер
NA,Провод.HDMI,ПК,Принтер
NA,Провод.HDMI,ПК,Принтер
NA,Провод.HDMI,ПК,Принтер
NA
NA
NA
NA
NA
NA
NA
NA
NA
NA
NA
NA
NA
NA
NA,Наушники,Провод.HDMI,Ноутбук,DVD.плеер,ЖК.телевизор,Холодильник
NA,Ноутбук,ЖК.телевизор,ПК
NA,Домашний.кинотеатр,DVD.плеер,ЖК.телевизор,ПК
NA,Наушники,DVD.плеер,ЖК.телевизор,ПК,Холодильник,Принтер
NA,Наушники,Провод.HDMI,Домашний.кинотеатр,DVD.плеер,ЖК.телевизор,Холодильник
NA,Провод.HDMI,Домашний.кинотеатр,DVD.плеер,ЖК.телевизор,Принтер
NA,Наушники,Домашний.кинотеатр,Ноутбук,DVD.плеер,Холодильник
NA,Провод.HDMI,Ноутбук,ЖК.телевизор,Принтер
NA,Наушники,Ноутбук,DVD.плеер,ЖК.телевизор,ПК,Холодильник,Принтер
NA,Наушники,Провод.HDMI,Домашний.кинотеатр,Холодильник
NA,Провод.HDMI,Ноутбук,Принтер
NA,Провод.HDMI,Ноутбук,Принтер
NA,Провод.HDMI,Ноутбук,Принтер
NA,Провод.HDMI,Ноутбук,Принтер
NA,Провод.HDMI,Ноутбук,Принтер
NA,Провод.HDMI,Ноутбук,Принтер
NA,Провод.HDMI,Ноутбук,Принтер
NA,Провод.HDMI,Ноутбук,Принтер
NA,Провод.HDMI,Ноутбук,Принтер
NA
NA
NA
NA
NA
NA
NA
NA
NA
NA
NA
NA
NA
NA
NA
NA,Провод.HDMI,DVD.плеер,ЖК.телевизор
NA,Провод.HDMI,DVD.плеер,ЖК.телевизор
NA,Провод.HDMI,DVD.плеер,ЖК.телевизор
NA,Провод.HDMI,DVD.плеер,ЖК.телевизор
NA,Провод.HDMI,DVD.плеер,ЖК.телевизор
NA,Провод.HDMI,DVD.плеер,ЖК.телевизор
NA,Провод.HDMI,DVD.плеер,ЖК.телевизор
NA,Провод.HDMI,DVD.плеер,ЖК.телевизор
NA,Провод.HDMI,DVD.плеер,ЖК.телевизор
NA,Провод.HDMI,DVD.плеер,ЖК.телевизор
NA,Провод.HDMI,DVD.плеер,ЖК.телевизор
NA,Провод.HDMI,DVD.плеер,ЖК.телевизор
NA,Провод.HDMI,DVD.плеер,ЖК.телевизор
NA,Провод.HDMI,DVD.плеер,ЖК.телевизор
NA,Провод.HDMI,DVD.плеер,ЖК.телевизор
NA,Провод.HDMI,ПК,Принтер
NA,Провод.HDMI,ПК,Принтер
NA,Провод.HDMI,ПК,Принтер
NA,Провод.HDMI,ПК,Принтер
NA,Провод.HDMI,ПК,Принтер
NA,Провод.HDMI,ПК,Принтер
NA,Провод.HDMI,ПК,Принтер
NA,Провод.HDMI,ПК,Принтер
NA,Провод.HDMI,ПК,Принтер
NA,Провод.HDMI,ПК,Принтер
NA,Провод.HDMI,ПК,Принтер
NA,Провод.HDMI,ПК,Принтер
NA,Провод.HDMI,ПК,Принтер
NA
NA
NA
NA
NA
NA
NA
NA
NA
NA
NA
NA
NA
NA
NA,Наушники,Провод.HDMI,Ноутбук,DVD.плеер,ЖК.телевизор,Холодильник
NA,Ноутбук,ЖК.телевизор,ПК
NA,Домашний.кинотеатр,DVD.плеер,ЖК.телевизор,ПК
NA,Наушники,DVD.плеер,ЖК.телевизор,ПК,Холодильник,Принтер
NA,Наушники,Провод.HDMI,Домашний.кинотеатр,DVD.плеер,ЖК.телевизор,Холодильник
NA,Провод.HDMI,Домашний.кинотеатр,DVD.плеер,ЖК.телевизор,Принтер
NA,Наушники,Домашний.кинотеатр,Ноутбук,DVD.плеер,Холодильник
NA,Провод.HDMI,Ноутбук,ЖК.телевизор,Принтер
NA,Наушники,Ноутбук,DVD.плеер,ЖК.телевизор,ПК,Холодильник,Принтер
NA,Наушники,Провод.HDMI,Домашний.кинотеатр,Холодильник
NA,Провод.HDMI,Ноутбук,Принтер
NA,Провод.HDMI,Ноутбук,Принтер
NA,Провод.HDMI,Ноутбук,Принтер
NA,Провод.HDMI,Ноутбук,Принтер
NA,Провод.HDMI,Ноутбук,Принтер
NA,Провод.HDMI,Ноутбук,Принтер
NA,Провод.HDMI,Ноутбук,Принтер
NA,Провод.HDMI,Ноутбук,Принтер
NA,Провод.HDMI,Ноутбук,Принтер
NA
NA
NA
NA
NA
NA
NA
NA
NA
NA
NA
NA
NA
NA
NA
NA,Провод.HDMI,DVD.плеер,ЖК.телевизор
NA,Провод.HDMI,DVD.плеер,ЖК.телевизор
NA,Провод.HDMI,DVD.плеер,ЖК.телевизор
NA,Провод.HDMI,DVD.плеер,ЖК.телевизор
NA,Провод.HDMI,DVD.плеер,ЖК.телевизор
NA,Провод.HDMI,DVD.плеер,ЖК.телевизор
NA,Провод.HDMI,DVD.плеер,ЖК.телевизор
NA,Провод.HDMI,DVD.плеер,ЖК.телевизор
NA,Провод.HDMI,DVD.плеер,ЖК.телевизор
NA,Провод.HDMI,DVD.плеер,ЖК.телевизор
NA,Провод.HDMI,DVD.плеер,ЖК.телевизор
NA,Провод.HDMI,DVD.плеер,ЖК.телевизор
NA,Провод.HDMI,DVD.плеер,ЖК.телевизор
NA,Провод.HDMI,DVD.плеер,ЖК.телевизор
NA,Провод.HDMI,DVD.плеер,ЖК.телевизор
NA,Провод.HDMI,ПК,Принтер
NA,Провод.HDMI,ПК,Принтер
NA,Провод.HDMI,ПК,Принтер
NA,Провод.HDMI,ПК,Принтер
NA,Провод.HDMI,ПК,Принтер
NA,Провод.HDMI,ПК,Принтер
NA,Провод.HDMI,ПК,Принтер
NA,Провод.HDMI,ПК,Принтер
NA,Провод.HDMI,ПК,Принтер
NA,Провод.HDMI,ПК,Принтер
NA,Провод.HDMI,ПК,Принтер
NA,Провод.HDMI,ПК,Принтер
NA,Провод.HDMI,ПК,Принтер
NA
NA
NA
NA
NA
NA
NA
NA
NA
NA
NA
NA
NA
NA
NA,Наушники,Провод.HDMI,Ноутбук,DVD.плеер,ЖК.телевизор,Холодильник
NA,Ноутбук,ЖК.телевизор,ПК
NA,Домашний.кинотеатр,DVD.плеер,ЖК.телевизор,ПК
NA,Наушники,DVD.плеер,ЖК.телевизор,ПК,Холодильник,Принтер
NA,Наушники,Провод.HDMI,Домашний.кинотеатр,DVD.плеер,ЖК.телевизор,Холодильник
NA,Провод.HDMI,Домашний.кинотеатр,DVD.плеер,ЖК.телевизор,Принтер
NA,Наушники,Домашний.кинотеатр,Ноутбук,DVD.плеер,Холодильник
NA,Провод.HDMI,Ноутбук,ЖК.телевизор,Принтер
NA,Наушники,Ноутбук,DVD.плеер,ЖК.телевизор,ПК,Холодильник,Принтер
NA,Наушники,Провод.HDMI,Домашний.кинотеатр,Холодильник
NA,Провод.HDMI,Ноутбук,Принтер
NA,Провод.HDMI,Ноутбук,Принтер
NA,Провод.HDMI,Ноутбук,Принтер
NA,Провод.HDMI,Ноутбук,Принтер
NA,Провод.HDMI,Ноутбук,Принтер
NA,Провод.HDMI,Ноутбук,Принтер
NA,Провод.HDMI,Ноутбук,Принтер
NA,Провод.HDMI,Ноутбук,Принтер
NA,Провод.HDMI,Ноутбук,Принтер
NA
NA
NA
NA
NA
NA
NA
NA
NA
NA
NA
NA
NA
NA
NA
NA,Провод.HDMI,DVD.плеер,ЖК.телевизор
NA,Провод.HDMI,DVD.плеер,ЖК.телевизор
NA,Провод.HDMI,DVD.плеер,ЖК.телевизор
NA,Провод.HDMI,DVD.плеер,ЖК.телевизор
NA,Провод.HDMI,DVD.плеер,ЖК.телевизор
NA,Провод.HDMI,DVD.плеер,ЖК.телевизор
NA,Провод.HDMI,DVD.плеер,ЖК.телевизор
NA,Провод.HDMI,DVD.плеер,ЖК.телевизор
NA,Провод.HDMI,DVD.плеер,ЖК.телевизор
NA,Провод.HDMI,DVD.плеер,ЖК.телевизор
NA,Провод.HDMI,DVD.плеер,ЖК.телевизор
NA,Провод.HDMI,DVD.плеер,ЖК.телевизор
NA,Провод.HDMI,DVD.плеер,ЖК.телевизор
NA,Провод.HDMI,DVD.плеер,ЖК.телевизор
NA,Провод.HDMI,DVD.плеер,ЖК.телевизор
NA,Провод.HDMI,ПК,Принтер
NA,Провод.HDMI,ПК,Принтер
NA,Провод.HDMI,ПК,Принтер
NA,Провод.HDMI,ПК,Принтер
NA,Провод.HDMI,ПК,Принтер
NA,Провод.HDMI,ПК,Принтер
NA,Провод.HDMI,ПК,Принтер
NA,Провод.HDMI,ПК,Принтер
NA,Провод.HDMI,ПК,Принтер
NA,Провод.HDMI,ПК,Принтер
NA,Провод.HDMI,ПК,Принтер
NA,Провод.HDMI,ПК,Принтер
NA,Провод.HDMI,ПК,Принтер
NA
NA
NA
NA
NA
NA
NA
NA
NA
NA
NA
NA
NA
NA
NA,Наушники,Провод.HDMI,Ноутбук,DVD.плеер,ЖК.телевизор,Холодильник
NA,Ноутбук,ЖК.телевизор,ПК
NA,Домашний.кинотеатр,DVD.плеер,ЖК.телевизор,ПК
NA,Наушники,DVD.плеер,ЖК.телевизор,ПК,Холодильник,Принтер
NA,Наушники,Провод.HDMI,Домашний.кинотеатр,DVD.плеер,ЖК.телевизор,Холодильник
NA,Провод.HDMI,Домашний.кинотеатр,DVD.плеер,ЖК.телевизор,Принтер
NA,Наушники,Домашний.кинотеатр,Ноутбук,DVD.плеер,Холодильник
NA,Провод.HDMI,Ноутбук,ЖК.телевизор,Принтер
NA,Наушники,Ноутбук,DVD.плеер,ЖК.телевизор,ПК,Холодильник,Принтер
NA,Наушники,Провод.HDMI,Домашний.кинотеатр,Холодильник
NA,Провод.HDMI,Ноутбук,Принтер
NA,Провод.HDMI,Ноутбук,Принтер
NA,Провод.HDMI,Ноутбук,Принтер
NA,Провод.HDMI,Ноутбук,Принтер
NA,Провод.HDMI,Ноутбук,Принтер
NA,Провод.HDMI,Ноутбук,Принтер
NA,Провод.HDMI,Ноутбук,Принтер
NA,Провод.HDMI,Ноутбук,Принтер
NA,Провод.HDMI,Ноутбук,Принтер
NA
NA
NA
NA
NA
NA
NA
NA
NA
NA
NA
NA
NA
NA
NA
NA,Провод.HDMI,DVD.плеер,ЖК.телевизор
NA,Провод.HDMI,DVD.плеер,ЖК.телевизор
NA,Провод.HDMI,DVD.плеер,ЖК.телевизор
NA,Провод.HDMI,DVD.плеер,ЖК.телевизор
NA,Провод.HDMI,DVD.плеер,ЖК.телевизор
NA,Провод.HDMI,DVD.плеер,ЖК.телевизор
NA,Провод.HDMI,DVD.плеер,ЖК.телевизор
NA,Провод.HDMI,DVD.плеер,ЖК.телевизор
NA,Провод.HDMI,DVD.плеер,ЖК.телевизор
NA,Провод.HDMI,DVD.плеер,ЖК.телевизор
NA,Провод.HDMI,DVD.плеер,ЖК.телевизор
NA,Провод.HDMI,DVD.плеер,ЖК.телевизор
NA,Провод.HDMI,DVD.плеер,ЖК.телевизор
NA,Провод.HDMI,DVD.плеер,ЖК.телевизор
NA,Провод.HDMI,DVD.плеер,ЖК.телевизор
NA,Провод.HDMI,ПК,Принтер
NA,Провод.HDMI,ПК,Принтер
NA,Провод.HDMI,ПК,Принтер
NA,Провод.HDMI,ПК,Принтер
NA,Провод.HDMI,ПК,Принтер
NA,Провод.HDMI,ПК,Принтер
NA,Провод.HDMI,ПК,Принтер
NA,Провод.HDMI,ПК,Принтер
NA,Провод.HDMI,ПК,Принтер
NA,Провод.HDMI,ПК,Принтер
NA,Провод.HDMI,ПК,Принтер
NA,Провод.HDMI,ПК,Принтер
NA,Провод.HDMI,ПК,Принтер
NA
NA
NA
NA
NA
NA
NA
NA
NA
NA
NA
NA
NA
NA
NA,Наушники,Провод.HDMI,Ноутбук,DVD.плеер,ЖК.телевизор,Холодильник
NA,Ноутбук,ЖК.телевизор,ПК
NA,Домашний.кинотеатр,DVD.плеер,ЖК.телевизор,ПК
NA,Наушники,DVD.плеер,ЖК.телевизор,ПК,Холодильник,Принтер
NA,Наушники,Провод.HDMI,Домашний.кинотеатр,DVD.плеер,ЖК.телевизор,Холодильник
NA,Провод.HDMI,Домашний.кинотеатр,DVD.плеер,ЖК.телевизор,Принтер
NA,Наушники,Домашний.кинотеатр,Ноутбук,DVD.плеер,Холодильник
NA,Провод.HDMI,Ноутбук,ЖК.телевизор,Принтер
NA,Наушники,Ноутбук,DVD.плеер,ЖК.телевизор,ПК,Холодильник,Принтер
NA,Наушники,Провод.HDMI,Домашний.кинотеатр,Холодильник
NA,Провод.HDMI,Ноутбук,Принтер
NA,Провод.HDMI,Ноутбук,Принтер
NA,Провод.HDMI,Ноутбук,Принтер
NA,Провод.HDMI,Ноутбук,Принтер
NA,Провод.HDMI,Ноутбук,Принтер
NA,Провод.HDMI,Ноутбук,Принтер
NA,Провод.HDMI,Ноутбук,Принтер
NA,Провод.HDMI,Ноутбук,Принтер
NA,Провод.HDMI,Ноутбук,Принтер
NA
NA
NA
NA
NA
NA
NA
NA
NA
NA
NA
NA
NA
NA
NA
NA,Провод.HDMI,DVD.плеер,ЖК.телевизор
NA,Провод.HDMI,DVD.плеер,ЖК.телевизор
NA,Провод.HDMI,DVD.плеер,ЖК.телевизор
NA,Провод.HDMI,DVD.плеер,ЖК.телевизор
NA,Провод.HDMI,DVD.плеер,ЖК.телевизор
NA,Провод.HDMI,DVD.плеер,ЖК.телевизор
NA,Провод.HDMI,DVD.плеер,ЖК.телевизор
NA,Провод.HDMI,DVD.плеер,ЖК.телевизор
NA,Провод.HDMI,DVD.плеер,ЖК.телевизор
NA,Провод.HDMI,DVD.плеер,ЖК.телевизор
NA,Провод.HDMI,DVD.плеер,ЖК.телевизор
NA,Провод.HDMI,DVD.плеер,ЖК.телевизор
NA,Провод.HDMI,DVD.плеер,ЖК.телевизор
NA,Провод.HDMI,DVD.плеер,ЖК.телевизор
NA,Провод.HDMI,DVD.плеер,ЖК.телевизор
NA,Провод.HDMI,ПК,Принтер
NA,Провод.HDMI,ПК,Принтер
NA,Провод.HDMI,ПК,Принтер
NA,Провод.HDMI,ПК,Принтер
NA,Провод.HDMI,ПК,Принтер
NA,Провод.HDMI,ПК,Принтер
NA,Провод.HDMI,ПК,Принтер
NA,Провод.HDMI,ПК,Принтер
NA,Провод.HDMI,ПК,Принтер
NA,Провод.HDMI,ПК,Принтер
NA,Провод.HDMI,ПК,Принтер
NA,Провод.HDMI,ПК,Принтер
NA,Провод.HDMI,ПК,Принтер
NA
NA
NA
NA
NA
NA
NA
NA
NA
NA
NA
NA
NA
NA
NA,Музыкальный.центр,Наушники,Провод.HDMI,Ноутбук,Холодильник,Принтер
NA,Музыкальный.центр,Наушники,Провод.HDMI,ЖК.телевизор,ПК,Холодильник,Принтер
NA,Музыкальный.центр,Провод.HDMI,Домашний.кинотеатр,ЖК.телевизор,ПК,Принтер
NA,Музыкальный.центр,Наушники,Провод.HDMI,DVD.плеер,ЖК.телевизор,Принтер
NA,Музыкальный.центр,Домашний.кинотеатр,Ноутбук,DVD.плеер,ЖК.телевизор,ПК,Холодильник,Принтер
NA,Музыкальный.центр,Домашний.кинотеатр,Ноутбук
NA,Музыкальный.центр,Провод.HDMI,Ноутбук,DVD.плеер,ЖК.телевизор,Холодильник
NA,Музыкальный.центр,Домашний.кинотеатр,DVD.плеер,ЖК.телевизор,ПК,Холодильник,Принтер
NA,Музыкальный.центр,Наушники,Домашний.кинотеатр,DVD.плеер,ЖК.телевизор,ПК,Холодильник
NA,Музыкальный.центр,Наушники,Провод.HDMI,Домашний.кинотеатр,Ноутбук,ЖК.телевизор,ПК,Холодильник,Принтер
NA,Музыкальный.центр,Наушники,Домашний.кинотеатр,DVD.плеер,ЖК.телевизор,Холодильник
NA,Музыкальный.центр,Наушники,DVD.плеер,ПК,Принтер
NA,Музыкальный.центр,Наушники,Домашний.кинотеатр
NA,Музыкальный.центр,Наушники,Домашний.кинотеатр
NA,Музыкальный.центр,Наушники,Домашний.кинотеатр
NA,Музыкальный.центр,Наушники,Домашний.кинотеатр
NA,Музыкальный.центр,Наушники,Домашний.кинотеатр
NA,Музыкальный.центр,Наушники,Домашний.кинотеатр
NA,Музыкальный.центр,Наушники,Домашний.кинотеатр
NA,Музыкальный.центр,Наушники,Домашний.кинотеатр
NA,Музыкальный.центр,Наушники,Домашний.кинотеатр
NA,Музыкальный.центр,Наушники,Домашний.кинотеатр
NA,Музыкальный.центр,Наушники,Домашний.кинотеатр
NA,Музыкальный.центр,Наушники,Домашний.кинотеатр
NA,Музыкальный.центр,DVD.плеер,ЖК.телевизор,Холодильник
NA,Музыкальный.центр,DVD.плеер,ЖК.телевизор,Холодильник
NA,Музыкальный.центр,DVD.плеер,ЖК.телевизор,Холодильник
NA,Музыкальный.центр,DVD.плеер,ЖК.телевизор,Холодильник
NA,Музыкальный.центр,DVD.плеер,ЖК.телевизор,Холодильник
NA,Музыкальный.центр,DVD.плеер,ЖК.телевизор,Холодильник
NA,Музыкальный.центр,DVD.плеер,ЖК.телевизор,Холодильник
NA,Музыкальный.центр,Наушники
NA,Музыкальный.центр,Наушники
NA,Музыкальный.центр,Наушники
NA,Музыкальный.центр,Наушники
NA,Музыкальный.центр,Наушники
NA,Музыкальный.центр,Наушники
NA,Музыкальный.центр,Наушники
NA,Музыкальный.центр,Наушники
NA,Музыкальный.центр,Наушники
NA,Музыкальный.центр,Наушники
NA,Музыкальный.центр,Наушники
NA,Музыкальный.центр,Наушники
NA,Музыкальный.центр,Наушники
NA,Музыкальный.центр,Наушники
NA,Музыкальный.центр,Наушники
NA,Музыкальный.центр,Наушники
NA,Музыкальный.центр,Наушники,Провод.HDMI,Ноутбук,Холодильник,Принтер
NA,Музыкальный.центр,Наушники,Провод.HDMI,ЖК.телевизор,ПК,Холодильник,Принтер
NA,Музыкальный.центр,Провод.HDMI,Домашний.кинотеатр,ЖК.телевизор,ПК,Принтер
NA,Музыкальный.центр,Наушники,Провод.HDMI,DVD.плеер,ЖК.телевизор,Принтер
NA,Музыкальный.центр,Домашний.кинотеатр,Ноутбук,DVD.плеер,ЖК.телевизор,ПК,Холодильник,Принтер
NA,Музыкальный.центр,Домашний.кинотеатр,Ноутбук
NA,Музыкальный.центр,Провод.HDMI,Ноутбук,DVD.плеер,ЖК.телевизор,Холодильник
NA,Музыкальный.центр,Домашний.кинотеатр,DVD.плеер,ЖК.телевизор,ПК,Холодильник,Принтер
NA,Музыкальный.центр,Наушники,Домашний.кинотеатр,DVD.плеер,ЖК.телевизор,ПК,Холодильник
NA,Музыкальный.центр,Наушники,Провод.HDMI,Домашний.кинотеатр,Ноутбук,ЖК.телевизор,ПК,Холодильник,Принтер
NA,Музыкальный.центр,Наушники,Домашний.кинотеатр,DVD.плеер,ЖК.телевизор,Холодильник
NA,Музыкальный.центр,Наушники,DVD.плеер,ПК,Принтер
NA,Музыкальный.центр,Наушники,Домашний.кинотеатр
NA,Музыкальный.центр,Наушники,Домашний.кинотеатр
NA,Музыкальный.центр,Наушники,Домашний.кинотеатр
NA,Музыкальный.центр,Наушники,Домашний.кинотеатр
NA,Музыкальный.центр,Наушники,Домашний.кинотеатр
NA,Музыкальный.центр,Наушники,Домашний.кинотеатр
NA,Музыкальный.центр,Наушники,Домашний.кинотеатр
NA,Музыкальный.центр,Наушники,Домашний.кинотеатр
NA,Музыкальный.центр,Наушники,Домашний.кинотеатр
NA,Музыкальный.центр,Наушники,Домашний.кинотеатр
NA,Музыкальный.центр,Наушники,Домашний.кинотеатр
NA,Музыкальный.центр,Наушники,Домашний.кинотеатр
NA,Музыкальный.центр,DVD.плеер,ЖК.телевизор,Холодильник
NA,Музыкальный.центр,DVD.плеер,ЖК.телевизор,Холодильник
NA,Музыкальный.центр,DVD.плеер,ЖК.телевизор,Холодильник
NA,Музыкальный.центр,DVD.плеер,ЖК.телевизор,Холодильник
NA,Музыкальный.центр,DVD.плеер,ЖК.телевизор,Холодильник
NA,Музыкальный.центр,DVD.плеер,ЖК.телевизор,Холодильник
NA,Музыкальный.центр,DVD.плеер,ЖК.телевизор,Холодильник
NA,Музыкальный.центр,Наушники
NA,Музыкальный.центр,Наушники
NA,Музыкальный.центр,Наушники
NA,Музыкальный.центр,Наушники
NA,Музыкальный.центр,Наушники
NA,Музыкальный.центр,Наушники
NA,Музыкальный.центр,Наушники
NA,Музыкальный.центр,Наушники
NA,Музыкальный.центр,Наушники
NA,Музыкальный.центр,Наушники
NA,Музыкальный.центр,Наушники
NA,Музыкальный.центр,Наушники
NA,Музыкальный.центр,Наушники
NA,Музыкальный.центр,Наушники
NA,Музыкальный.центр,Наушники
NA,Музыкальный.центр,Наушники
NA,Музыкальный.центр,Наушники,Провод.HDMI,Ноутбук,Холодильник,Принтер
NA,Музыкальный.центр,Наушники,Провод.HDMI,ЖК.телевизор,ПК,Холодильник,Принтер
NA,Музыкальный.центр,Провод.HDMI,Домашний.кинотеатр,ЖК.телевизор,ПК,Принтер
NA,Музыкальный.центр,Наушники,Провод.HDMI,DVD.плеер,ЖК.телевизор,Принтер
NA,Музыкальный.центр,Домашний.кинотеатр,Ноутбук,DVD.плеер,ЖК.телевизор,ПК,Холодильник,Принтер
NA,Музыкальный.центр,Домашний.кинотеатр,Ноутбук
NA,Музыкальный.центр,Провод.HDMI,Ноутбук,DVD.плеер,ЖК.телевизор,Холодильник
NA,Музыкальный.центр,Домашний.кинотеатр,DVD.плеер,ЖК.телевизор,ПК,Холодильник,Принтер
NA,Музыкальный.центр,Наушники,Домашний.кинотеатр,DVD.плеер,ЖК.телевизор,ПК,Холодильник
NA,Музыкальный.центр,Наушники,Провод.HDMI,Домашний.кинотеатр,Ноутбук,ЖК.телевизор,ПК,Холодильник,Принтер
NA,Музыкальный.центр,Наушники,Домашний.кинотеатр,DVD.плеер,ЖК.телевизор,Холодильник
NA,Музыкальный.центр,Наушники,DVD.плеер,ПК,Принтер
NA,Музыкальный.центр,Наушники,Домашний.кинотеатр
NA,Музыкальный.центр,Наушники,Домашний.кинотеатр
NA,Музыкальный.центр,Наушники,Домашний.кинотеатр
NA,Музыкальный.центр,Наушники,Домашний.кинотеатр
NA,Музыкальный.центр,Наушники,Домашний.кинотеатр
NA,Музыкальный.центр,Наушники,Домашний.кинотеатр
NA,Музыкальный.центр,Наушники,Домашний.кинотеатр
NA,Музыкальный.центр,Наушники,Домашний.кинотеатр
NA,Музыкальный.центр,Наушники,Домашний.кинотеатр
NA,Музыкальный.центр,Наушники,Домашний.кинотеатр
NA,Музыкальный.центр,Наушники,Домашний.кинотеатр
NA,Музыкальный.центр,Наушники,Домашний.кинотеатр
NA,Музыкальный.центр,DVD.плеер,ЖК.телевизор,Холодильник
NA,Музыкальный.центр,DVD.плеер,ЖК.телевизор,Холодильник
NA,Музыкальный.центр,DVD.плеер,ЖК.телевизор,Холодильник
NA,Музыкальный.центр,DVD.плеер,ЖК.телевизор,Холодильник
NA,Музыкальный.центр,DVD.плеер,ЖК.телевизор,Холодильник
NA,Музыкальный.центр,DVD.плеер,ЖК.телевизор,Холодильник
NA,Музыкальный.центр,DVD.плеер,ЖК.телевизор,Холодильник
NA,Музыкальный.центр,Наушники
NA,Музыкальный.центр,Наушники
NA,Музыкальный.центр,Наушники
NA,Музыкальный.центр,Наушники
NA,Музыкальный.центр,Наушники
NA,Музыкальный.центр,Наушники
NA,Музыкальный.центр,Наушники
NA,Музыкальный.центр,Наушники
NA,Музыкальный.центр,Наушники
NA,Музыкальный.центр,Наушники
NA,Музыкальный.центр,Наушники
NA,Музыкальный.центр,Наушники
NA,Музыкальный.центр,Наушники
NA,Музыкальный.центр,Наушники
NA,Музыкальный.центр,Наушники
NA,Музыкальный.центр,Наушники
NA,Музыкальный.центр,Наушники,Провод.HDMI,Ноутбук,Холодильник,Принтер
NA,Музыкальный.центр,Наушники,Провод.HDMI,ЖК.телевизор,ПК,Холодильник,Принтер
NA,Музыкальный.центр,Провод.HDMI,Домашний.кинотеатр,ЖК.телевизор,ПК,Принтер
NA,Музыкальный.центр,Наушники,Провод.HDMI,DVD.плеер,ЖК.телевизор,Принтер
NA,Музыкальный.центр,Домашний.кинотеатр,Ноутбук,DVD.плеер,ЖК.телевизор,ПК,Холодильник,Принтер
NA,Музыкальный.центр,Домашний.кинотеатр,Ноутбук
NA,Музыкальный.центр,Провод.HDMI,Ноутбук,DVD.плеер,ЖК.телевизор,Холодильник
NA,Музыкальный.центр,Домашний.кинотеатр,DVD.плеер,ЖК.телевизор,ПК,Холодильник,Принтер
NA,Музыкальный.центр,Наушники,Домашний.кинотеатр,DVD.плеер,ЖК.телевизор,ПК,Холодильник
NA,Музыкальный.центр,Наушники,Провод.HDMI,Домашний.кинотеатр,Ноутбук,ЖК.телевизор,ПК,Холодильник,Принтер
NA,Музыкальный.центр,Наушники,Домашний.кинотеатр,DVD.плеер,ЖК.телевизор,Холодильник
NA,Музыкальный.центр,Наушники,DVD.плеер,ПК,Принтер
NA,Музыкальный.центр,Наушники,Домашний.кинотеатр
NA,Музыкальный.центр,Наушники,Домашний.кинотеатр
NA,Музыкальный.центр,Наушники,Домашний.кинотеатр
NA,Музыкальный.центр,Наушники,Домашний.кинотеатр
NA,Музыкальный.центр,Наушники,Домашний.кинотеатр
NA,Музыкальный.центр,Наушники,Домашний.кинотеатр
NA,Музыкальный.центр,Наушники,Домашний.кинотеатр
NA,Музыкальный.центр,Наушники,Домашний.кинотеатр
NA,Музыкальный.центр,Наушники,Домашний.кинотеатр
NA,Музыкальный.центр,Наушники,Домашний.кинотеатр
NA,Музыкальный.центр,Наушники,Домашний.кинотеатр
NA,Музыкальный.центр,Наушники,Домашний.кинотеатр
NA,Музыкальный.центр,DVD.плеер,ЖК.телевизор,Холодильник
NA,Музыкальный.центр,DVD.плеер,ЖК.телевизор,Холодильник
NA,Музыкальный.центр,DVD.плеер,ЖК.телевизор,Холодильник
NA,Музыкальный.центр,DVD.плеер,ЖК.телевизор,Холодильник
NA,Музыкальный.центр,DVD.плеер,ЖК.телевизор,Холодильник
NA,Музыкальный.центр,DVD.плеер,ЖК.телевизор,Холодильник
NA,Музыкальный.центр,DVD.плеер,ЖК.телевизор,Холодильник
NA,Музыкальный.центр,Наушники
NA,Музыкальный.центр,Наушники
NA,Музыкальный.центр,Наушники
NA,Музыкальный.центр,Наушники
NA,Музыкальный.центр,Наушники
NA,Музыкальный.центр,Наушники
NA,Музыкальный.центр,Наушники
NA,Музыкальный.центр,Наушники
NA,Музыкальный.центр,Наушники
NA,Музыкальный.центр,Наушники
NA,Музыкальный.центр,Наушники
NA,Музыкальный.центр,Наушники
NA,Музыкальный.центр,Наушники
NA,Музыкальный.центр,Наушники
NA,Музыкальный.центр,Наушники
NA,Музыкальный.центр,Наушники
NA,Музыкальный.центр,Наушники,Провод.HDMI,Ноутбук,Холодильник,Принтер
NA,Музыкальный.центр,Наушники,Провод.HDMI,ЖК.телевизор,ПК,Холодильник,Принтер
NA,Музыкальный.центр,Провод.HDMI,Домашний.кинотеатр,ЖК.телевизор,ПК,Принтер
NA,Музыкальный.центр,Наушники,Провод.HDMI,DVD.плеер,ЖК.телевизор,Принтер
NA,Музыкальный.центр,Домашний.кинотеатр,Ноутбук,DVD.плеер,ЖК.телевизор,ПК,Холодильник,Принтер
NA,Музыкальный.центр,Домашний.кинотеатр,Ноутбук
NA,Музыкальный.центр,Провод.HDMI,Ноутбук,DVD.плеер,ЖК.телевизор,Холодильник
NA,Музыкальный.центр,Домашний.кинотеатр,DVD.плеер,ЖК.телевизор,ПК,Холодильник,Принтер
NA,Музыкальный.центр,Наушники,Домашний.кинотеатр,DVD.плеер,ЖК.телевизор,ПК,Холодильник
NA,Музыкальный.центр,Наушники,Провод.HDMI,Домашний.кинотеатр,Ноутбук,ЖК.телевизор,ПК,Холодильник,Принтер
NA,Музыкальный.центр,Наушники,Домашний.кинотеатр,DVD.плеер,ЖК.телевизор,Холодильник
NA,Музыкальный.центр,Наушники,DVD.плеер,ПК,Принтер
NA,Музыкальный.центр,Наушники,Домашний.кинотеатр
NA,Музыкальный.центр,Наушники,Домашний.кинотеатр
NA,Музыкальный.центр,Наушники,Домашний.кинотеатр
NA,Музыкальный.центр,Наушники,Домашний.кинотеатр
NA,Музыкальный.центр,Наушники,Домашний.кинотеатр
NA,Музыкальный.центр,Наушники,Домашний.кинотеатр
NA,Музыкальный.центр,Наушники,Домашний.кинотеатр
NA,Музыкальный.центр,Наушники,Домашний.кинотеатр
NA,Музыкальный.центр,Наушники,Домашний.кинотеатр
NA,Музыкальный.центр,Наушники,Домашний.кинотеатр
NA,Музыкальный.центр,Наушники,Домашний.кинотеатр
NA,Музыкальный.центр,Наушники,Домашний.кинотеатр
NA,Музыкальный.центр,DVD.плеер,ЖК.телевизор,Холодильник
NA,Музыкальный.центр,DVD.плеер,ЖК.телевизор,Холодильник
NA,Музыкальный.центр,DVD.плеер,ЖК.телевизор,Холодильник
NA,Музыкальный.центр,DVD.плеер,ЖК.телевизор,Холодильник
NA,Музыкальный.центр,DVD.плеер,ЖК.телевизор,Холодильник
NA,Музыкальный.центр,DVD.плеер,ЖК.телевизор,Холодильник
NA,Музыкальный.центр,DVD.плеер,ЖК.телевизор,Холодильник
NA,Музыкальный.центр,Наушники
NA,Музыкальный.центр,Наушники
NA,Музыкальный.центр,Наушники
NA,Музыкальный.центр,Наушники
NA,Музыкальный.центр,Наушники
NA,Музыкальный.центр,Наушники
NA,Музыкальный.центр,Наушники
NA,Музыкальный.центр,Наушники
NA,Музыкальный.центр,Наушники
NA,Музыкальный.центр,Наушники
NA,Музыкальный.центр,Наушники
NA,Музыкальный.центр,Наушники
NA,Музыкальный.центр,Наушники
NA,Музыкальный.центр,Наушники
NA,Музыкальный.центр,Наушники
NA,Музыкальный.центр,Наушники
NA,Музыкальный.центр,Наушники,Провод.HDMI,Ноутбук,Холодильник,Принтер
NA,Музыкальный.центр,Наушники,Провод.HDMI,ЖК.телевизор,ПК,Холодильник,Принтер
NA,Музыкальный.центр,Провод.HDMI,Домашний.кинотеатр,ЖК.телевизор,ПК,Принтер
NA,Музыкальный.центр,Наушники,Провод.HDMI,DVD.плеер,ЖК.телевизор,Принтер
NA,Музыкальный.центр,Домашний.кинотеатр,Ноутбук,DVD.плеер,ЖК.телевизор,ПК,Холодильник,Принтер
NA,Музыкальный.центр,Домашний.кинотеатр,Ноутбук
NA,Музыкальный.центр,Провод.HDMI,Ноутбук,DVD.плеер,ЖК.телевизор,Холодильник
NA,Музыкальный.центр,Домашний.кинотеатр,DVD.плеер,ЖК.телевизор,ПК,Холодильник,Принтер
NA,Музыкальный.центр,Наушники,Домашний.кинотеатр,DVD.плеер,ЖК.телевизор,ПК,Холодильник
NA,Музыкальный.центр,Наушники,Провод.HDMI,Домашний.кинотеатр,Ноутбук,ЖК.телевизор,ПК,Холодильник,Принтер
NA,Музыкальный.центр,Наушники,Домашний.кинотеатр,DVD.плеер,ЖК.телевизор,Холодильник
NA,Музыкальный.центр,Наушники,DVD.плеер,ПК,Принтер
NA,Музыкальный.центр,Наушники,Домашний.кинотеатр
NA,Музыкальный.центр,Наушники,Домашний.кинотеатр
NA,Музыкальный.центр,Наушники,Домашний.кинотеатр
NA,Музыкальный.центр,Наушники,Домашний.кинотеатр
NA,Музыкальный.центр,Наушники,Домашний.кинотеатр
NA,Музыкальный.центр,Наушники,Домашний.кинотеатр
NA,Музыкальный.центр,Наушники,Домашний.кинотеатр
NA,Музыкальный.центр,Наушники,Домашний.кинотеатр
NA,Музыкальный.центр,Наушники,Домашний.кинотеатр
NA,Музыкальный.центр,Наушники,Домашний.кинотеатр
NA,Музыкальный.центр,Наушники,Домашний.кинотеатр
NA,Музыкальный.центр,Наушники,Домашний.кинотеатр
NA,Музыкальный.центр,DVD.плеер,ЖК.телевизор,Холодильник
NA,Музыкальный.центр,DVD.плеер,ЖК.телевизор,Холодильник
NA,Музыкальный.центр,DVD.плеер,ЖК.телевизор,Холодильник
NA,Музыкальный.центр,DVD.плеер,ЖК.телевизор,Холодильник
NA,Музыкальный.центр,DVD.плеер,ЖК.телевизор,Холодильник
NA,Музыкальный.центр,DVD.плеер,ЖК.телевизор,Холодильник
NA,Музыкальный.центр,DVD.плеер,ЖК.телевизор,Холодильник
NA,Музыкальный.центр,Наушники
NA,Музыкальный.центр,Наушники
NA,Музыкальный.центр,Наушники
NA,Музыкальный.центр,Наушники
NA,Музыкальный.центр,Наушники
NA,Музыкальный.центр,Наушники
NA,Музыкальный.центр,Наушники
NA,Музыкальный.центр,Наушники
NA,Музыкальный.центр,Наушники
NA,Музыкальный.центр,Наушники
NA,Музыкальный.центр,Наушники
NA,Музыкальный.центр,Наушники
NA,Музыкальный.центр,Наушники
NA,Музыкальный.центр,Наушники
NA,Музыкальный.центр,Наушники
NA,Музыкальный.центр,Наушники
NA,Музыкальный.центр,Наушники,Провод.HDMI,Ноутбук,Холодильник,Принтер
NA,Музыкальный.центр,Наушники,Провод.HDMI,ЖК.телевизор,ПК,Холодильник,Принтер
NA,Музыкальный.центр,Провод.HDMI,Домашний.кинотеатр,ЖК.телевизор,ПК,Принтер
NA,Музыкальный.центр,Наушники,Провод.HDMI,DVD.плеер,ЖК.телевизор,Принтер
NA,Музыкальный.центр,Домашний.кинотеатр,Ноутбук,DVD.плеер,ЖК.телевизор,ПК,Холодильник,Принтер
NA,Музыкальный.центр,Домашний.кинотеатр,Ноутбук
NA,Музыкальный.центр,Провод.HDMI,Ноутбук,DVD.плеер,ЖК.телевизор,Холодильник
NA,Музыкальный.центр,Домашний.кинотеатр,DVD.плеер,ЖК.телевизор,ПК,Холодильник,Принтер
NA,Музыкальный.центр,Наушники,Домашний.кинотеатр,DVD.плеер,ЖК.телевизор,ПК,Холодильник
NA,Музыкальный.центр,Наушники,Провод.HDMI,Домашний.кинотеатр,Ноутбук,ЖК.телевизор,ПК,Холодильник,Принтер
NA,Музыкальный.центр,Наушники,Домашний.кинотеатр,DVD.плеер,ЖК.телевизор,Холодильник
NA,Музыкальный.центр,Наушники,DVD.плеер,ПК,Принтер
NA,Музыкальный.центр,Наушники,Домашний.кинотеатр
NA,Музыкальный.центр,Наушники,Домашний.кинотеатр
NA,Музыкальный.центр,Наушники,Домашний.кинотеатр
NA,Музыкальный.центр,Наушники,Домашний.кинотеатр
NA,Музыкальный.центр,Наушники,Домашний.кинотеатр
NA,Музыкальный.центр,Наушники,Домашний.кинотеатр
NA,Музыкальный.центр,Наушники,Домашний.кинотеатр
NA,Музыкальный.центр,Наушники,Домашний.кинотеатр
NA,Музыкальный.центр,Наушники,Домашний.кинотеатр
NA,Музыкальный.центр,Наушники,Домашний.кинотеатр
NA,Музыкальный.центр,Наушники,Домашний.кинотеатр
NA,Музыкальный.центр,Наушники,Домашний.кинотеатр
NA,Музыкальный.центр,DVD.плеер,ЖК.телевизор,Холодильник
NA,Музыкальный.центр,DVD.плеер,ЖК.телевизор,Холодильник
NA,Музыкальный.центр,DVD.плеер,ЖК.телевизор,Холодильник
NA,Музыкальный.центр,DVD.плеер,ЖК.телевизор,Холодильник
NA,Музыкальный.центр,DVD.плеер,ЖК.телевизор,Холодильник
NA,Музыкальный.центр,DVD.плеер,ЖК.телевизор,Холодильник
NA,Музыкальный.центр,DVD.плеер,ЖК.телевизор,Холодильник
NA,Музыкальный.центр,Наушники
NA,Музыкальный.центр,Наушники
NA,Музыкальный.центр,Наушники
NA,Музыкальный.центр,Наушники
NA,Музыкальный.центр,Наушники
NA,Музыкальный.центр,Наушники
NA,Музыкальный.центр,Наушники
NA,Музыкальный.центр,Наушники
NA,Музыкальный.центр,Наушники
NA,Музыкальный.центр,Наушники
NA,Музыкальный.центр,Наушники
NA,Музыкальный.центр,Наушники
NA,Музыкальный.центр,Наушники
NA,Музыкальный.центр,Наушники
NA,Музыкальный.центр,Наушники
NA,Музыкальный.центр,Наушники
NA,Музыкальный.центр,Наушники,Провод.HDMI,Ноутбук,Холодильник,Принтер
NA,Музыкальный.центр,Наушники,Провод.HDMI,ЖК.телевизор,ПК,Холодильник,Принтер
NA,Музыкальный.центр,Провод.HDMI,Домашний.кинотеатр,ЖК.телевизор,ПК,Принтер
NA,Музыкальный.центр,Наушники,Провод.HDMI,DVD.плеер,ЖК.телевизор,Принтер
NA,Музыкальный.центр,Домашний.кинотеатр,Ноутбук,DVD.плеер,ЖК.телевизор,ПК,Холодильник,Принтер
NA,Музыкальный.центр,Домашний.кинотеатр,Ноутбук
NA,Музыкальный.центр,Провод.HDMI,Ноутбук,DVD.плеер,ЖК.телевизор,Холодильник
NA,Музыкальный.центр,Домашний.кинотеатр,DVD.плеер,ЖК.телевизор,ПК,Холодильник,Принтер
NA,Музыкальный.центр,Наушники,Домашний.кинотеатр,DVD.плеер,ЖК.телевизор,ПК,Холодильник
NA,Музыкальный.центр,Наушники,Провод.HDMI,Домашний.кинотеатр,Ноутбук,ЖК.телевизор,ПК,Холодильник,Принтер
NA,Музыкальный.центр,Наушники,Домашний.кинотеатр,DVD.плеер,ЖК.телевизор,Холодильник
NA,Музыкальный.центр,Наушники,DVD.плеер,ПК,Принтер
NA,Музыкальный.центр,Наушники,Домашний.кинотеатр
NA,Музыкальный.центр,Наушники,Домашний.кинотеатр
NA,Музыкальный.центр,Наушники,Домашний.кинотеатр
NA,Музыкальный.центр,Наушники,Домашний.кинотеатр
NA,Музыкальный.центр,Наушники,Домашний.кинотеатр
NA,Музыкальный.центр,Наушники,Домашний.кинотеатр
NA,Музыкальный.центр,Наушники,Домашний.кинотеатр
NA,Музыкальный.центр,Наушники,Домашний.кинотеатр
NA,Музыкальный.центр,Наушники,Домашний.кинотеатр
NA,Музыкальный.центр,Наушники,Домашний.кинотеатр
NA,Музыкальный.центр,Наушники,Домашний.кинотеатр
NA,Музыкальный.центр,Наушники,Домашний.кинотеатр
NA,Музыкальный.центр,DVD.плеер,ЖК.телевизор,Холодильник
NA,Музыкальный.центр,DVD.плеер,ЖК.телевизор,Холодильник
NA,Музыкальный.центр,DVD.плеер,ЖК.телевизор,Холодильник
NA,Музыкальный.центр,DVD.плеер,ЖК.телевизор,Холодильник
NA,Музыкальный.центр,DVD.плеер,ЖК.телевизор,Холодильник
NA,Музыкальный.центр,DVD.плеер,ЖК.телевизор,Холодильник
NA,Музыкальный.центр,DVD.плеер,ЖК.телевизор,Холодильник
NA,Музыкальный.центр,Наушники
NA,Музыкальный.центр,Наушники
NA,Музыкальный.центр,Наушники
NA,Музыкальный.центр,Наушники
NA,Музыкальный.центр,Наушники
NA,Музыкальный.центр,Наушники
NA,Музыкальный.центр,Наушники
NA,Музыкальный.центр,Наушники
NA,Музыкальный.центр,Наушники
NA,Музыкальный.центр,Наушники
NA,Музыкальный.центр,Наушники
NA,Музыкальный.центр,Наушники
NA,Музыкальный.центр,Наушники
NA,Музыкальный.центр,Наушники
NA,Музыкальный.центр,Наушники
NA,Музыкальный.центр,Наушники
NA,Музыкальный.центр,Наушники,Провод.HDMI,Ноутбук,Холодильник,Принтер
NA,Музыкальный.центр,Наушники,Провод.HDMI,ЖК.телевизор,ПК,Холодильник,Принтер
NA,Музыкальный.центр,Провод.HDMI,Домашний.кинотеатр,ЖК.телевизор,ПК,Принтер
NA,Музыкальный.центр,Наушники,Провод.HDMI,DVD.плеер,ЖК.телевизор,Принтер
NA,Музыкальный.центр,Домашний.кинотеатр,Ноутбук,DVD.плеер,ЖК.телевизор,ПК,Холодильник,Принтер
NA,Музыкальный.центр,Домашний.кинотеатр,Ноутбук
NA,Музыкальный.центр,Провод.HDMI,Ноутбук,DVD.плеер,ЖК.телевизор,Холодильник
NA,Музыкальный.центр,Домашний.кинотеатр,DVD.плеер,ЖК.телевизор,ПК,Холодильник,Принтер
NA,Музыкальный.центр,Наушники,Домашний.кинотеатр,DVD.плеер,ЖК.телевизор,ПК,Холодильник
NA,Музыкальный.центр,Наушники,Провод.HDMI,Домашний.кинотеатр,Ноутбук,ЖК.телевизор,ПК,Холодильник,Принтер
NA,Музыкальный.центр,Наушники,Домашний.кинотеатр,DVD.плеер,ЖК.телевизор,Холодильник
NA,Музыкальный.центр,Наушники,DVD.плеер,ПК,Принтер
NA,Музыкальный.центр,Наушники,Домашний.кинотеатр
NA,Музыкальный.центр,Наушники,Домашний.кинотеатр
NA,Музыкальный.центр,Наушники,Домашний.кинотеатр
NA,Музыкальный.центр,Наушники,Домашний.кинотеатр
NA,Музыкальный.центр,Наушники,Домашний.кинотеатр
NA,Музыкальный.центр,Наушники,Домашний.кинотеатр
NA,Музыкальный.центр,Наушники,Домашний.кинотеатр
NA,Музыкальный.центр,Наушники,Домашний.кинотеатр
NA,Музыкальный.центр,Наушники,Домашний.кинотеатр
NA,Музыкальный.центр,Наушники,Домашний.кинотеатр
NA,Музыкальный.центр,Наушники,Домашний.кинотеатр
NA,Музыкальный.центр,Наушники,Домашний.кинотеатр
NA,Музыкальный.центр,DVD.плеер,ЖК.телевизор,Холодильник
NA,Музыкальный.центр,DVD.плеер,ЖК.телевизор,Холодильник
NA,Музыкальный.центр,DVD.плеер,ЖК.телевизор,Холодильник
NA,Музыкальный.центр,DVD.плеер,ЖК.телевизор,Холодильник
NA,Музыкальный.центр,DVD.плеер,ЖК.телевизор,Холодильник
NA,Музыкальный.центр,DVD.плеер,ЖК.телевизор,Холодильник
NA,Музыкальный.центр,DVD.плеер,ЖК.телевизор,Холодильник
NA,Музыкальный.центр,Наушники
NA,Музыкальный.центр,Наушники
NA,Музыкальный.центр,Наушники
NA,Музыкальный.центр,Наушники
NA,Музыкальный.центр,Наушники
NA,Музыкальный.центр,Наушники
NA,Музыкальный.центр,Наушники
NA,Музыкальный.центр,Наушники
NA,Музыкальный.центр,Наушники
NA,Музыкальный.центр,Наушники
NA,Музыкальный.центр,Наушники
NA,Музыкальный.центр,Наушники
NA,Музыкальный.центр,Наушники
NA,Музыкальный.центр,Наушники
NA,Музыкальный.центр,Наушники
NA,Музыкальный.центр,Наушники
NA,Музыкальный.центр,Наушники,Провод.HDMI,Ноутбук,Холодильник,Принтер
NA,Музыкальный.центр,Наушники,Провод.HDMI,ЖК.телевизор,ПК,Холодильник,Принтер
NA,Музыкальный.центр,Провод.HDMI,Домашний.кинотеатр,ЖК.телевизор,ПК,Принтер
NA,Музыкальный.центр,Наушники,Провод.HDMI,DVD.плеер,ЖК.телевизор,Принтер
NA,Музыкальный.центр,Домашний.кинотеатр,Ноутбук,DVD.плеер,ЖК.телевизор,ПК,Холодильник,Принтер
NA,Музыкальный.центр,Домашний.кинотеатр,Ноутбук
NA,Музыкальный.центр,Провод.HDMI,Ноутбук,DVD.плеер,ЖК.телевизор,Холодильник
NA,Музыкальный.центр,Домашний.кинотеатр,DVD.плеер,ЖК.телевизор,ПК,Холодильник,Принтер
NA,Музыкальный.центр,Наушники,Домашний.кинотеатр,DVD.плеер,ЖК.телевизор,ПК,Холодильник
NA,Музыкальный.центр,Наушники,Провод.HDMI,Домашний.кинотеатр,Ноутбук,ЖК.телевизор,ПК,Холодильник,Принтер
NA,Музыкальный.центр,Наушники,Домашний.кинотеатр,DVD.плеер,ЖК.телевизор,Холодильник
NA,Музыкальный.центр,Наушники,DVD.плеер,ПК,Принтер
NA,Музыкальный.центр,Наушники,Домашний.кинотеатр
NA,Музыкальный.центр,Наушники,Домашний.кинотеатр
NA,Музыкальный.центр,Наушники,Домашний.кинотеатр
NA,Музыкальный.центр,Наушники,Домашний.кинотеатр
NA,Музыкальный.центр,Наушники,Домашний.кинотеатр
NA,Музыкальный.центр,Наушники,Домашний.кинотеатр
NA,Музыкальный.центр,Наушники,Домашний.кинотеатр
NA,Музыкальный.центр,Наушники,Домашний.кинотеатр
NA,Музыкальный.центр,Наушники,Домашний.кинотеатр
NA,Музыкальный.центр,Наушники,Домашний.кинотеатр
NA,Музыкальный.центр,Наушники,Домашний.кинотеатр
NA,Музыкальный.центр,Наушники,Домашний.кинотеатр
NA,Музыкальный.центр,DVD.плеер,ЖК.телевизор,Холодильник
NA,Музыкальный.центр,DVD.плеер,ЖК.телевизор,Холодильник
NA,Музыкальный.центр,DVD.плеер,ЖК.телевизор,Холодильник
NA,Музыкальный.центр,DVD.плеер,ЖК.телевизор,Холодильник
NA,Музыкальный.центр,DVD.плеер,ЖК.телевизор,Холодильник
NA,Музыкальный.центр,DVD.плеер,ЖК.телевизор,Холодильник
NA,Музыкальный.центр,DVD.плеер,ЖК.телевизор,Холодильник
NA,Музыкальный.центр,Наушники
NA,Музыкальный.центр,Наушники
NA,Музыкальный.центр,Наушники
NA,Музыкальный.центр,Наушники
NA,Музыкальный.центр,Наушники
NA,Музыкальный.центр,Наушники
NA,Музыкальный.центр,Наушники
NA,Музыкальный.центр,Наушники
NA,Музыкальный.центр,Наушники
NA,Музыкальный.центр,Наушники
NA,Музыкальный.центр,Наушники
NA,Музыкальный.центр,Наушники
NA,Музыкальный.центр,Наушники
NA,Музыкальный.центр,Наушники
NA,Музыкальный.центр,Наушники
NA,Музыкальный.центр,Наушники
