Наушники,Провод.HDMI,Ноутбук,DVD.плеер,ЖК.телевизор,Холодильник,Credit
Ноутбук,ЖК.телевизор,ПК,NoCredit
Домашний.кинотеатр,DVD.плеер,ЖК.телевизор,ПК,Credit
Наушники,DVD.плеер,ЖК.телевизор,ПК,Холодильник,Принтер,NoCredit
Наушники,Провод.HDMI,Домашний.кинотеатр,DVD.плеер,ЖК.телевизор,Холодильник,Credit
Провод.HDMI,Домашний.кинотеатр,DVD.плеер,ЖК.телевизор,Принтер,NoCredit
Наушники,Домашний.кинотеатр,Ноутбук,DVD.плеер,Холодильник,NoCredit
Провод.HDMI,Ноутбук,ЖК.телевизор,Принтер,Credit
Наушники,Ноутбук,DVD.плеер,ЖК.телевизор,ПК,Холодильник,Принтер,Credit
Наушники,Провод.HDMI,Домашний.кинотеатр,Холодильник,Credit
Провод.HDMI,Ноутбук,Принтер,NoCredit
Провод.HDMI,Ноутбук,Принтер,NoCredit
Провод.HDMI,Ноутбук,Принтер,NoCredit
Провод.HDMI,Ноутбук,Принтер,NoCredit
Провод.HDMI,Ноутбук,Принтер,NoCredit
Провод.HDMI,Ноутбук,Принтер,NoCredit
Провод.HDMI,Ноутбук,Принтер,NoCredit
Провод.HDMI,Ноутбук,Принтер,NoCredit
Провод.HDMI,Ноутбук,Принтер,NoCredit
Холодильник,Credit
Холодильник,Credit
Холодильник,Credit
Холодильник,Credit
Холодильник,Credit
Холодильник,Credit
Холодильник,Credit
Холодильник,Credit
Холодильник,Credit
Холодильник,Credit
Холодильник,Credit
Холодильник,Credit
Холодильник,Credit
Холодильник,Credit
Холодильник,Credit
Провод.HDMI,DVD.плеер,ЖК.телевизор,Credit
Провод.HDMI,DVD.плеер,ЖК.телевизор,Credit
Провод.HDMI,DVD.плеер,ЖК.телевизор,Credit
Провод.HDMI,DVD.плеер,ЖК.телевизор,Credit
Провод.HDMI,DVD.плеер,ЖК.телевизор,Credit
Провод.HDMI,DVD.плеер,ЖК.телевизор,Credit
Провод.HDMI,DVD.плеер,ЖК.телевизор,Credit
Провод.HDMI,DVD.плеер,ЖК.телевизор,Credit
Провод.HDMI,DVD.плеер,ЖК.телевизор,Credit
Провод.HDMI,DVD.плеер,ЖК.телевизор,Credit
Провод.HDMI,DVD.плеер,ЖК.телевизор,Credit
Провод.HDMI,DVD.плеер,ЖК.телевизор,Credit
Провод.HDMI,DVD.плеер,ЖК.телевизор,Credit
Провод.HDMI,DVD.плеер,ЖК.телевизор,Credit
Провод.HDMI,DVD.плеер,ЖК.телевизор,Credit
Провод.HDMI,ПК,Принтер,NoCredit
Провод.HDMI,ПК,Принтер,NoCredit
Провод.HDMI,ПК,Принтер,NoCredit
Провод.HDMI,ПК,Принтер,NoCredit
Провод.HDMI,ПК,Принтер,NoCredit
Провод.HDMI,ПК,Принтер,NoCredit
Провод.HDMI,ПК,Принтер,NoCredit
Провод.HDMI,ПК,Принтер,NoCredit
Провод.HDMI,ПК,Принтер,NoCredit
Провод.HDMI,ПК,Принтер,NoCredit
Провод.HDMI,ПК,Принтер,NoCredit
Провод.HDMI,ПК,Принтер,NoCredit
Провод.HDMI,ПК,Принтер,NoCredit
ПК,NoCredit
ПК,NoCredit
ПК,NoCredit
ПК,NoCredit
ПК,NoCredit
ПК,NoCredit
ПК,NoCredit
ПК,NoCredit
ПК,NoCredit
ПК,NoCredit
ПК,NoCredit
ПК,NoCredit
ПК,NoCredit
ПК,NoCredit
Наушники,Провод.HDMI,Ноутбук,DVD.плеер,ЖК.телевизор,Холодильник,Credit
Ноутбук,ЖК.телевизор,ПК,NoCredit
Домашний.кинотеатр,DVD.плеер,ЖК.телевизор,ПК,Credit
Наушники,DVD.плеер,ЖК.телевизор,ПК,Холодильник,Принтер,NoCredit
Наушники,Провод.HDMI,Домашний.кинотеатр,DVD.плеер,ЖК.телевизор,Холодильник,Credit
Провод.HDMI,Домашний.кинотеатр,DVD.плеер,ЖК.телевизор,Принтер,NoCredit
Наушники,Домашний.кинотеатр,Ноутбук,DVD.плеер,Холодильник,NoCredit
Провод.HDMI,Ноутбук,ЖК.телевизор,Принтер,Credit
Наушники,Ноутбук,DVD.плеер,ЖК.телевизор,ПК,Холодильник,Принтер,Credit
Наушники,Провод.HDMI,Домашний.кинотеатр,Холодильник,Credit
Провод.HDMI,Ноутбук,Принтер,NoCredit
Провод.HDMI,Ноутбук,Принтер,NoCredit
Провод.HDMI,Ноутбук,Принтер,NoCredit
Провод.HDMI,Ноутбук,Принтер,NoCredit
Провод.HDMI,Ноутбук,Принтер,NoCredit
Провод.HDMI,Ноутбук,Принтер,NoCredit
Провод.HDMI,Ноутбук,Принтер,NoCredit
Провод.HDMI,Ноутбук,Принтер,NoCredit
Провод.HDMI,Ноутбук,Принтер,NoCredit
Холодильник,Credit
Холодильник,Credit
Холодильник,Credit
Холодильник,Credit
Холодильник,Credit
Холодильник,Credit
Холодильник,Credit
Холодильник,Credit
Холодильник,Credit
Холодильник,Credit
Холодильник,Credit
Холодильник,Credit
Холодильник,Credit
Холодильник,Credit
Холодильник,Credit
Провод.HDMI,DVD.плеер,ЖК.телевизор,Credit
Провод.HDMI,DVD.плеер,ЖК.телевизор,Credit
Провод.HDMI,DVD.плеер,ЖК.телевизор,Credit
Провод.HDMI,DVD.плеер,ЖК.телевизор,Credit
Провод.HDMI,DVD.плеер,ЖК.телевизор,Credit
Провод.HDMI,DVD.плеер,ЖК.телевизор,Credit
Провод.HDMI,DVD.плеер,ЖК.телевизор,Credit
Провод.HDMI,DVD.плеер,ЖК.телевизор,Credit
Провод.HDMI,DVD.плеер,ЖК.телевизор,Credit
Провод.HDMI,DVD.плеер,ЖК.телевизор,Credit
Провод.HDMI,DVD.плеер,ЖК.телевизор,Credit
Провод.HDMI,DVD.плеер,ЖК.телевизор,Credit
Провод.HDMI,DVD.плеер,ЖК.телевизор,Credit
Провод.HDMI,DVD.плеер,ЖК.телевизор,Credit
Провод.HDMI,DVD.плеер,ЖК.телевизор,Credit
Провод.HDMI,ПК,Принтер,NoCredit
Провод.HDMI,ПК,Принтер,NoCredit
Провод.HDMI,ПК,Принтер,NoCredit
Провод.HDMI,ПК,Принтер,NoCredit
Провод.HDMI,ПК,Принтер,NoCredit
Провод.HDMI,ПК,Принтер,NoCredit
Провод.HDMI,ПК,Принтер,NoCredit
Провод.HDMI,ПК,Принтер,NoCredit
Провод.HDMI,ПК,Принтер,NoCredit
Провод.HDMI,ПК,Принтер,NoCredit
Провод.HDMI,ПК,Принтер,NoCredit
Провод.HDMI,ПК,Принтер,NoCredit
Провод.HDMI,ПК,Принтер,NoCredit
ПК,NoCredit
ПК,NoCredit
ПК,NoCredit
ПК,NoCredit
ПК,NoCredit
ПК,NoCredit
ПК,NoCredit
ПК,NoCredit
ПК,NoCredit
ПК,NoCredit
ПК,NoCredit
ПК,NoCredit
ПК,NoCredit
ПК,NoCredit
Наушники,Провод.HDMI,Ноутбук,DVD.плеер,ЖК.телевизор,Холодильник,Credit
Ноутбук,ЖК.телевизор,ПК,NoCredit
Домашний.кинотеатр,DVD.плеер,ЖК.телевизор,ПК,Credit
Наушники,DVD.плеер,ЖК.телевизор,ПК,Холодильник,Принтер,NoCredit
Наушники,Провод.HDMI,Домашний.кинотеатр,DVD.плеер,ЖК.телевизор,Холодильник,Credit
Провод.HDMI,Домашний.кинотеатр,DVD.плеер,ЖК.телевизор,Принтер,NoCredit
Наушники,Домашний.кинотеатр,Ноутбук,DVD.плеер,Холодильник,NoCredit
Провод.HDMI,Ноутбук,ЖК.телевизор,Принтер,Credit
Наушники,Ноутбук,DVD.плеер,ЖК.телевизор,ПК,Холодильник,Принтер,Credit
Наушники,Провод.HDMI,Домашний.кинотеатр,Холодильник,Credit
Провод.HDMI,Ноутбук,Принтер,NoCredit
Провод.HDMI,Ноутбук,Принтер,NoCredit
Провод.HDMI,Ноутбук,Принтер,NoCredit
Провод.HDMI,Ноутбук,Принтер,NoCredit
Провод.HDMI,Ноутбук,Принтер,NoCredit
Провод.HDMI,Ноутбук,Принтер,NoCredit
Провод.HDMI,Ноутбук,Принтер,NoCredit
Провод.HDMI,Ноутбук,Принтер,NoCredit
Провод.HDMI,Ноутбук,Принтер,NoCredit
Холодильник,Credit
Холодильник,Credit
Холодильник,Credit
Холодильник,Credit
Холодильник,Credit
Холодильник,Credit
Холодильник,Credit
Холодильник,Credit
Холодильник,Credit
Холодильник,Credit
Холодильник,Credit
Холодильник,Credit
Холодильник,Credit
Холодильник,Credit
Холодильник,Credit
Провод.HDMI,DVD.плеер,ЖК.телевизор,Credit
Провод.HDMI,DVD.плеер,ЖК.телевизор,Credit
Провод.HDMI,DVD.плеер,ЖК.телевизор,Credit
Провод.HDMI,DVD.плеер,ЖК.телевизор,Credit
Провод.HDMI,DVD.плеер,ЖК.телевизор,Credit
Провод.HDMI,DVD.плеер,ЖК.телевизор,Credit
Провод.HDMI,DVD.плеер,ЖК.телевизор,Credit
Провод.HDMI,DVD.плеер,ЖК.телевизор,Credit
Провод.HDMI,DVD.плеер,ЖК.телевизор,Credit
Провод.HDMI,DVD.плеер,ЖК.телевизор,Credit
Провод.HDMI,DVD.плеер,ЖК.телевизор,Credit
Провод.HDMI,DVD.плеер,ЖК.телевизор,Credit
Провод.HDMI,DVD.плеер,ЖК.телевизор,Credit
Провод.HDMI,DVD.плеер,ЖК.телевизор,Credit
Провод.HDMI,DVD.плеер,ЖК.телевизор,Credit
Провод.HDMI,ПК,Принтер,NoCredit
Провод.HDMI,ПК,Принтер,NoCredit
Провод.HDMI,ПК,Принтер,NoCredit
Провод.HDMI,ПК,Принтер,NoCredit
Провод.HDMI,ПК,Принтер,NoCredit
Провод.HDMI,ПК,Принтер,NoCredit
Провод.HDMI,ПК,Принтер,NoCredit
Провод.HDMI,ПК,Принтер,NoCredit
Провод.HDMI,ПК,Принтер,NoCredit
Провод.HDMI,ПК,Принтер,NoCredit
Провод.HDMI,ПК,Принтер,NoCredit
Провод.HDMI,ПК,Принтер,NoCredit
Провод.HDMI,ПК,Принтер,NoCredit
ПК,NoCredit
ПК,NoCredit
ПК,NoCredit
ПК,NoCredit
ПК,NoCredit
ПК,NoCredit
ПК,NoCredit
ПК,NoCredit
ПК,NoCredit
ПК,NoCredit
ПК,NoCredit
ПК,NoCredit
ПК,NoCredit
ПК,NoCredit
Наушники,Провод.HDMI,Ноутбук,DVD.плеер,ЖК.телевизор,Холодильник,Credit
Ноутбук,ЖК.телевизор,ПК,NoCredit
Домашний.кинотеатр,DVD.плеер,ЖК.телевизор,ПК,Credit
Наушники,DVD.плеер,ЖК.телевизор,ПК,Холодильник,Принтер,NoCredit
Наушники,Провод.HDMI,Домашний.кинотеатр,DVD.плеер,ЖК.телевизор,Холодильник,Credit
Провод.HDMI,Домашний.кинотеатр,DVD.плеер,ЖК.телевизор,Принтер,NoCredit
Наушники,Домашний.кинотеатр,Ноутбук,DVD.плеер,Холодильник,NoCredit
Провод.HDMI,Ноутбук,ЖК.телевизор,Принтер,Credit
Наушники,Ноутбук,DVD.плеер,ЖК.телевизор,ПК,Холодильник,Принтер,Credit
Наушники,Провод.HDMI,Домашний.кинотеатр,Холодильник,Credit
Провод.HDMI,Ноутбук,Принтер,NoCredit
Провод.HDMI,Ноутбук,Принтер,NoCredit
Провод.HDMI,Ноутбук,Принтер,NoCredit
Провод.HDMI,Ноутбук,Принтер,NoCredit
Провод.HDMI,Ноутбук,Принтер,NoCredit
Провод.HDMI,Ноутбук,Принтер,NoCredit
Провод.HDMI,Ноутбук,Принтер,NoCredit
Провод.HDMI,Ноутбук,Принтер,NoCredit
Провод.HDMI,Ноутбук,Принтер,NoCredit
Холодильник,Credit
Холодильник,Credit
Холодильник,Credit
Холодильник,Credit
Холодильник,Credit
Холодильник,Credit
Холодильник,Credit
Холодильник,Credit
Холодильник,Credit
Холодильник,Credit
Холодильник,Credit
Холодильник,Credit
Холодильник,Credit
Холодильник,Credit
Холодильник,Credit
Провод.HDMI,DVD.плеер,ЖК.телевизор,Credit
Провод.HDMI,DVD.плеер,ЖК.телевизор,Credit
Провод.HDMI,DVD.плеер,ЖК.телевизор,Credit
Провод.HDMI,DVD.плеер,ЖК.телевизор,Credit
Провод.HDMI,DVD.плеер,ЖК.телевизор,Credit
Провод.HDMI,DVD.плеер,ЖК.телевизор,Credit
Провод.HDMI,DVD.плеер,ЖК.телевизор,Credit
Провод.HDMI,DVD.плеер,ЖК.телевизор,Credit
Провод.HDMI,DVD.плеер,ЖК.телевизор,Credit
Провод.HDMI,DVD.плеер,ЖК.телевизор,Credit
Провод.HDMI,DVD.плеер,ЖК.телевизор,Credit
Провод.HDMI,DVD.плеер,ЖК.телевизор,Credit
Провод.HDMI,DVD.плеер,ЖК.телевизор,Credit
Провод.HDMI,DVD.плеер,ЖК.телевизор,Credit
Провод.HDMI,DVD.плеер,ЖК.телевизор,Credit
Провод.HDMI,ПК,Принтер,NoCredit
Провод.HDMI,ПК,Принтер,NoCredit
Провод.HDMI,ПК,Принтер,NoCredit
Провод.HDMI,ПК,Принтер,NoCredit
Провод.HDMI,ПК,Принтер,NoCredit
Провод.HDMI,ПК,Принтер,NoCredit
Провод.HDMI,ПК,Принтер,NoCredit
Провод.HDMI,ПК,Принтер,NoCredit
Провод.HDMI,ПК,Принтер,NoCredit
Провод.HDMI,ПК,Принтер,NoCredit
Провод.HDMI,ПК,Принтер,NoCredit
Провод.HDMI,ПК,Принтер,NoCredit
Провод.HDMI,ПК,Принтер,NoCredit
ПК,NoCredit
ПК,NoCredit
ПК,NoCredit
ПК,NoCredit
ПК,NoCredit
ПК,NoCredit
ПК,NoCredit
ПК,NoCredit
ПК,NoCredit
ПК,NoCredit
ПК,NoCredit
ПК,NoCredit
ПК,NoCredit
ПК,NoCredit
Наушники,Провод.HDMI,Ноутбук,DVD.плеер,ЖК.телевизор,Холодильник,Credit
Ноутбук,ЖК.телевизор,ПК,NoCredit
Домашний.кинотеатр,DVD.плеер,ЖК.телевизор,ПК,Credit
Наушники,DVD.плеер,ЖК.телевизор,ПК,Холодильник,Принтер,NoCredit
Наушники,Провод.HDMI,Домашний.кинотеатр,DVD.плеер,ЖК.телевизор,Холодильник,Credit
Провод.HDMI,Домашний.кинотеатр,DVD.плеер,ЖК.телевизор,Принтер,NoCredit
Наушники,Домашний.кинотеатр,Ноутбук,DVD.плеер,Холодильник,NoCredit
Провод.HDMI,Ноутбук,ЖК.телевизор,Принтер,Credit
Наушники,Ноутбук,DVD.плеер,ЖК.телевизор,ПК,Холодильник,Принтер,Credit
Наушники,Провод.HDMI,Домашний.кинотеатр,Холодильник,Credit
Провод.HDMI,Ноутбук,Принтер,NoCredit
Провод.HDMI,Ноутбук,Принтер,NoCredit
Провод.HDMI,Ноутбук,Принтер,NoCredit
Провод.HDMI,Ноутбук,Принтер,NoCredit
Провод.HDMI,Ноутбук,Принтер,NoCredit
Провод.HDMI,Ноутбук,Принтер,NoCredit
Провод.HDMI,Ноутбук,Принтер,NoCredit
Провод.HDMI,Ноутбук,Принтер,NoCredit
Провод.HDMI,Ноутбук,Принтер,NoCredit
Холодильник,Credit
Холодильник,Credit
Холодильник,Credit
Холодильник,Credit
Холодильник,Credit
Холодильник,Credit
Холодильник,Credit
Холодильник,Credit
Холодильник,Credit
Холодильник,Credit
Холодильник,Credit
Холодильник,Credit
Холодильник,Credit
Холодильник,Credit
Холодильник,Credit
Провод.HDMI,DVD.плеер,ЖК.телевизор,Credit
Провод.HDMI,DVD.плеер,ЖК.телевизор,Credit
Провод.HDMI,DVD.плеер,ЖК.телевизор,Credit
Провод.HDMI,DVD.плеер,ЖК.телевизор,Credit
Провод.HDMI,DVD.плеер,ЖК.телевизор,Credit
Провод.HDMI,DVD.плеер,ЖК.телевизор,Credit
Провод.HDMI,DVD.плеер,ЖК.телевизор,Credit
Провод.HDMI,DVD.плеер,ЖК.телевизор,Credit
Провод.HDMI,DVD.плеер,ЖК.телевизор,Credit
Провод.HDMI,DVD.плеер,ЖК.телевизор,Credit
Провод.HDMI,DVD.плеер,ЖК.телевизор,Credit
Провод.HDMI,DVD.плеер,ЖК.телевизор,Credit
Провод.HDMI,DVD.плеер,ЖК.телевизор,Credit
Провод.HDMI,DVD.плеер,ЖК.телевизор,Credit
Провод.HDMI,DVD.плеер,ЖК.телевизор,Credit
Провод.HDMI,ПК,Принтер,NoCredit
Провод.HDMI,ПК,Принтер,NoCredit
Провод.HDMI,ПК,Принтер,NoCredit
Провод.HDMI,ПК,Принтер,NoCredit
Провод.HDMI,ПК,Принтер,NoCredit
Провод.HDMI,ПК,Принтер,NoCredit
Провод.HDMI,ПК,Принтер,NoCredit
Провод.HDMI,ПК,Принтер,NoCredit
Провод.HDMI,ПК,Принтер,NoCredit
Провод.HDMI,ПК,Принтер,NoCredit
Провод.HDMI,ПК,Принтер,NoCredit
Провод.HDMI,ПК,Принтер,NoCredit
Провод.HDMI,ПК,Принтер,NoCredit
ПК,NoCredit
ПК,NoCredit
ПК,NoCredit
ПК,NoCredit
ПК,NoCredit
ПК,NoCredit
ПК,NoCredit
ПК,NoCredit
ПК,NoCredit
ПК,NoCredit
ПК,NoCredit
ПК,NoCredit
ПК,NoCredit
ПК,NoCredit
Наушники,Провод.HDMI,Ноутбук,DVD.плеер,ЖК.телевизор,Холодильник,Credit
Ноутбук,ЖК.телевизор,ПК,NoCredit
Домашний.кинотеатр,DVD.плеер,ЖК.телевизор,ПК,Credit
Наушники,DVD.плеер,ЖК.телевизор,ПК,Холодильник,Принтер,NoCredit
Наушники,Провод.HDMI,Домашний.кинотеатр,DVD.плеер,ЖК.телевизор,Холодильник,Credit
Провод.HDMI,Домашний.кинотеатр,DVD.плеер,ЖК.телевизор,Принтер,NoCredit
Наушники,Домашний.кинотеатр,Ноутбук,DVD.плеер,Холодильник,NoCredit
Провод.HDMI,Ноутбук,ЖК.телевизор,Принтер,Credit
Наушники,Ноутбук,DVD.плеер,ЖК.телевизор,ПК,Холодильник,Принтер,Credit
Наушники,Провод.HDMI,Домашний.кинотеатр,Холодильник,Credit
Провод.HDMI,Ноутбук,Принтер,NoCredit
Провод.HDMI,Ноутбук,Принтер,NoCredit
Провод.HDMI,Ноутбук,Принтер,NoCredit
Провод.HDMI,Ноутбук,Принтер,NoCredit
Провод.HDMI,Ноутбук,Принтер,NoCredit
Провод.HDMI,Ноутбук,Принтер,NoCredit
Провод.HDMI,Ноутбук,Принтер,NoCredit
Провод.HDMI,Ноутбук,Принтер,NoCredit
Провод.HDMI,Ноутбук,Принтер,NoCredit
Холодильник,Credit
Холодильник,Credit
Холодильник,Credit
Холодильник,Credit
Холодильник,Credit
Холодильник,Credit
Холодильник,Credit
Холодильник,Credit
Холодильник,Credit
Холодильник,Credit
Холодильник,Credit
Холодильник,Credit
Холодильник,Credit
Холодильник,Credit
Холодильник,Credit
Провод.HDMI,DVD.плеер,ЖК.телевизор,Credit
Провод.HDMI,DVD.плеер,ЖК.телевизор,Credit
Провод.HDMI,DVD.плеер,ЖК.телевизор,Credit
Провод.HDMI,DVD.плеер,ЖК.телевизор,Credit
Провод.HDMI,DVD.плеер,ЖК.телевизор,Credit
Провод.HDMI,DVD.плеер,ЖК.телевизор,Credit
Провод.HDMI,DVD.плеер,ЖК.телевизор,Credit
Провод.HDMI,DVD.плеер,ЖК.телевизор,Credit
Провод.HDMI,DVD.плеер,ЖК.телевизор,Credit
Провод.HDMI,DVD.плеер,ЖК.телевизор,Credit
Провод.HDMI,DVD.плеер,ЖК.телевизор,Credit
Провод.HDMI,DVD.плеер,ЖК.телевизор,Credit
Провод.HDMI,DVD.плеер,ЖК.телевизор,Credit
Провод.HDMI,DVD.плеер,ЖК.телевизор,Credit
Провод.HDMI,DVD.плеер,ЖК.телевизор,Credit
Провод.HDMI,ПК,Принтер,NoCredit
Провод.HDMI,ПК,Принтер,NoCredit
Провод.HDMI,ПК,Принтер,NoCredit
Провод.HDMI,ПК,Принтер,NoCredit
Провод.HDMI,ПК,Принтер,NoCredit
Провод.HDMI,ПК,Принтер,NoCredit
Провод.HDMI,ПК,Принтер,NoCredit
Провод.HDMI,ПК,Принтер,NoCredit
Провод.HDMI,ПК,Принтер,NoCredit
Провод.HDMI,ПК,Принтер,NoCredit
Провод.HDMI,ПК,Принтер,NoCredit
Провод.HDMI,ПК,Принтер,NoCredit
Провод.HDMI,ПК,Принтер,NoCredit
ПК,NoCredit
ПК,NoCredit
ПК,NoCredit
ПК,NoCredit
ПК,NoCredit
ПК,NoCredit
ПК,NoCredit
ПК,NoCredit
ПК,NoCredit
ПК,NoCredit
ПК,NoCredit
ПК,NoCredit
ПК,NoCredit
ПК,NoCredit
Наушники,Провод.HDMI,Ноутбук,DVD.плеер,ЖК.телевизор,Холодильник,Credit
Ноутбук,ЖК.телевизор,ПК,NoCredit
Домашний.кинотеатр,DVD.плеер,ЖК.телевизор,ПК,Credit
Наушники,DVD.плеер,ЖК.телевизор,ПК,Холодильник,Принтер,NoCredit
Наушники,Провод.HDMI,Домашний.кинотеатр,DVD.плеер,ЖК.телевизор,Холодильник,Credit
Провод.HDMI,Домашний.кинотеатр,DVD.плеер,ЖК.телевизор,Принтер,NoCredit
Наушники,Домашний.кинотеатр,Ноутбук,DVD.плеер,Холодильник,NoCredit
Провод.HDMI,Ноутбук,ЖК.телевизор,Принтер,Credit
Наушники,Ноутбук,DVD.плеер,ЖК.телевизор,ПК,Холодильник,Принтер,Credit
Наушники,Провод.HDMI,Домашний.кинотеатр,Холодильник,Credit
Провод.HDMI,Ноутбук,Принтер,NoCredit
Провод.HDMI,Ноутбук,Принтер,NoCredit
Провод.HDMI,Ноутбук,Принтер,NoCredit
Провод.HDMI,Ноутбук,Принтер,NoCredit
Провод.HDMI,Ноутбук,Принтер,NoCredit
Провод.HDMI,Ноутбук,Принтер,NoCredit
Провод.HDMI,Ноутбук,Принтер,NoCredit
Провод.HDMI,Ноутбук,Принтер,NoCredit
Провод.HDMI,Ноутбук,Принтер,NoCredit
Холодильник,Credit
Холодильник,Credit
Холодильник,Credit
Холодильник,Credit
Холодильник,Credit
Холодильник,Credit
Холодильник,Credit
Холодильник,Credit
Холодильник,Credit
Холодильник,Credit
Холодильник,Credit
Холодильник,Credit
Холодильник,Credit
Холодильник,Credit
Холодильник,Credit
Провод.HDMI,DVD.плеер,ЖК.телевизор,Credit
Провод.HDMI,DVD.плеер,ЖК.телевизор,Credit
Провод.HDMI,DVD.плеер,ЖК.телевизор,Credit
Провод.HDMI,DVD.плеер,ЖК.телевизор,Credit
Провод.HDMI,DVD.плеер,ЖК.телевизор,Credit
Провод.HDMI,DVD.плеер,ЖК.телевизор,Credit
Провод.HDMI,DVD.плеер,ЖК.телевизор,Credit
Провод.HDMI,DVD.плеер,ЖК.телевизор,Credit
Провод.HDMI,DVD.плеер,ЖК.телевизор,Credit
Провод.HDMI,DVD.плеер,ЖК.телевизор,Credit
Провод.HDMI,DVD.плеер,ЖК.телевизор,Credit
Провод.HDMI,DVD.плеер,ЖК.телевизор,Credit
Провод.HDMI,DVD.плеер,ЖК.телевизор,Credit
Провод.HDMI,DVD.плеер,ЖК.телевизор,Credit
Провод.HDMI,DVD.плеер,ЖК.телевизор,Credit
Провод.HDMI,ПК,Принтер,NoCredit
Провод.HDMI,ПК,Принтер,NoCredit
Провод.HDMI,ПК,Принтер,NoCredit
Провод.HDMI,ПК,Принтер,NoCredit
Провод.HDMI,ПК,Принтер,NoCredit
Провод.HDMI,ПК,Принтер,NoCredit
Провод.HDMI,ПК,Принтер,NoCredit
Провод.HDMI,ПК,Принтер,NoCredit
Провод.HDMI,ПК,Принтер,NoCredit
Провод.HDMI,ПК,Принтер,NoCredit
Провод.HDMI,ПК,Принтер,NoCredit
Провод.HDMI,ПК,Принтер,NoCredit
Провод.HDMI,ПК,Принтер,NoCredit
ПК,NoCredit
ПК,NoCredit
ПК,NoCredit
ПК,NoCredit
ПК,NoCredit
ПК,NoCredit
ПК,NoCredit
ПК,NoCredit
ПК,NoCredit
ПК,NoCredit
ПК,NoCredit
ПК,NoCredit
ПК,NoCredit
ПК,NoCredit
Наушники,Провод.HDMI,Ноутбук,DVD.плеер,ЖК.телевизор,Холодильник,Credit
Ноутбук,ЖК.телевизор,ПК,NoCredit
Домашний.кинотеатр,DVD.плеер,ЖК.телевизор,ПК,Credit
Наушники,DVD.плеер,ЖК.телевизор,ПК,Холодильник,Принтер,NoCredit
Наушники,Провод.HDMI,Домашний.кинотеатр,DVD.плеер,ЖК.телевизор,Холодильник,Credit
Провод.HDMI,Домашний.кинотеатр,DVD.плеер,ЖК.телевизор,Принтер,NoCredit
Наушники,Домашний.кинотеатр,Ноутбук,DVD.плеер,Холодильник,NoCredit
Провод.HDMI,Ноутбук,ЖК.телевизор,Принтер,Credit
Наушники,Ноутбук,DVD.плеер,ЖК.телевизор,ПК,Холодильник,Принтер,Credit
Наушники,Провод.HDMI,Домашний.кинотеатр,Холодильник,Credit
Провод.HDMI,Ноутбук,Принтер,NoCredit
Провод.HDMI,Ноутбук,Принтер,NoCredit
Провод.HDMI,Ноутбук,Принтер,NoCredit
Провод.HDMI,Ноутбук,Принтер,NoCredit
Провод.HDMI,Ноутбук,Принтер,NoCredit
Провод.HDMI,Ноутбук,Принтер,NoCredit
Провод.HDMI,Ноутбук,Принтер,NoCredit
Провод.HDMI,Ноутбук,Принтер,NoCredit
Провод.HDMI,Ноутбук,Принтер,NoCredit
Холодильник,Credit
Холодильник,Credit
Холодильник,Credit
Холодильник,Credit
Холодильник,Credit
Холодильник,Credit
Холодильник,Credit
Холодильник,Credit
Холодильник,Credit
Холодильник,Credit
Холодильник,Credit
Холодильник,Credit
Холодильник,Credit
Холодильник,Credit
Холодильник,Credit
Провод.HDMI,DVD.плеер,ЖК.телевизор,Credit
Провод.HDMI,DVD.плеер,ЖК.телевизор,Credit
Провод.HDMI,DVD.плеер,ЖК.телевизор,Credit
Провод.HDMI,DVD.плеер,ЖК.телевизор,Credit
Провод.HDMI,DVD.плеер,ЖК.телевизор,Credit
Провод.HDMI,DVD.плеер,ЖК.телевизор,Credit
Провод.HDMI,DVD.плеер,ЖК.телевизор,Credit
Провод.HDMI,DVD.плеер,ЖК.телевизор,Credit
Провод.HDMI,DVD.плеер,ЖК.телевизор,Credit
Провод.HDMI,DVD.плеер,ЖК.телевизор,Credit
Провод.HDMI,DVD.плеер,ЖК.телевизор,Credit
Провод.HDMI,DVD.плеер,ЖК.телевизор,Credit
Провод.HDMI,DVD.плеер,ЖК.телевизор,Credit
Провод.HDMI,DVD.плеер,ЖК.телевизор,Credit
Провод.HDMI,DVD.плеер,ЖК.телевизор,Credit
Провод.HDMI,ПК,Принтер,NoCredit
Провод.HDMI,ПК,Принтер,NoCredit
Провод.HDMI,ПК,Принтер,NoCredit
Провод.HDMI,ПК,Принтер,NoCredit
Провод.HDMI,ПК,Принтер,NoCredit
Провод.HDMI,ПК,Принтер,NoCredit
Провод.HDMI,ПК,Принтер,NoCredit
Провод.HDMI,ПК,Принтер,NoCredit
Провод.HDMI,ПК,Принтер,NoCredit
Провод.HDMI,ПК,Принтер,NoCredit
Провод.HDMI,ПК,Принтер,NoCredit
Провод.HDMI,ПК,Принтер,NoCredit
Провод.HDMI,ПК,Принтер,NoCredit
ПК,NoCredit
ПК,NoCredit
ПК,NoCredit
ПК,NoCredit
ПК,NoCredit
ПК,NoCredit
ПК,NoCredit
ПК,NoCredit
ПК,NoCredit
ПК,NoCredit
ПК,NoCredit
ПК,NoCredit
ПК,NoCredit
ПК,NoCredit
Наушники,Провод.HDMI,Ноутбук,DVD.плеер,ЖК.телевизор,Холодильник,Credit
Ноутбук,ЖК.телевизор,ПК,NoCredit
Домашний.кинотеатр,DVD.плеер,ЖК.телевизор,ПК,Credit
Наушники,DVD.плеер,ЖК.телевизор,ПК,Холодильник,Принтер,NoCredit
Наушники,Провод.HDMI,Домашний.кинотеатр,DVD.плеер,ЖК.телевизор,Холодильник,Credit
Провод.HDMI,Домашний.кинотеатр,DVD.плеер,ЖК.телевизор,Принтер,NoCredit
Наушники,Домашний.кинотеатр,Ноутбук,DVD.плеер,Холодильник,NoCredit
Провод.HDMI,Ноутбук,ЖК.телевизор,Принтер,Credit
Наушники,Ноутбук,DVD.плеер,ЖК.телевизор,ПК,Холодильник,Принтер,Credit
Наушники,Провод.HDMI,Домашний.кинотеатр,Холодильник,Credit
Провод.HDMI,Ноутбук,Принтер,NoCredit
Провод.HDMI,Ноутбук,Принтер,NoCredit
Провод.HDMI,Ноутбук,Принтер,NoCredit
Провод.HDMI,Ноутбук,Принтер,NoCredit
Провод.HDMI,Ноутбук,Принтер,NoCredit
Провод.HDMI,Ноутбук,Принтер,NoCredit
Провод.HDMI,Ноутбук,Принтер,NoCredit
Провод.HDMI,Ноутбук,Принтер,NoCredit
Провод.HDMI,Ноутбук,Принтер,NoCredit
Холодильник,Credit
Холодильник,Credit
Холодильник,Credit
Холодильник,Credit
Холодильник,Credit
Холодильник,Credit
Холодильник,Credit
Холодильник,Credit
Холодильник,Credit
Холодильник,Credit
Холодильник,Credit
Холодильник,Credit
Холодильник,Credit
Холодильник,Credit
Холодильник,Credit
Провод.HDMI,DVD.плеер,ЖК.телевизор,Credit
Провод.HDMI,DVD.плеер,ЖК.телевизор,Credit
Провод.HDMI,DVD.плеер,ЖК.телевизор,Credit
Провод.HDMI,DVD.плеер,ЖК.телевизор,Credit
Провод.HDMI,DVD.плеер,ЖК.телевизор,Credit
Провод.HDMI,DVD.плеер,ЖК.телевизор,Credit
Провод.HDMI,DVD.плеер,ЖК.телевизор,Credit
Провод.HDMI,DVD.плеер,ЖК.телевизор,Credit
Провод.HDMI,DVD.плеер,ЖК.телевизор,Credit
Провод.HDMI,DVD.плеер,ЖК.телевизор,Credit
Провод.HDMI,DVD.плеер,ЖК.телевизор,Credit
Провод.HDMI,DVD.плеер,ЖК.телевизор,Credit
Провод.HDMI,DVD.плеер,ЖК.телевизор,Credit
Провод.HDMI,DVD.плеер,ЖК.телевизор,Credit
Провод.HDMI,DVD.плеер,ЖК.телевизор,Credit
Провод.HDMI,ПК,Принтер,NoCredit
Провод.HDMI,ПК,Принтер,NoCredit
Провод.HDMI,ПК,Принтер,NoCredit
Провод.HDMI,ПК,Принтер,NoCredit
Провод.HDMI,ПК,Принтер,NoCredit
Провод.HDMI,ПК,Принтер,NoCredit
Провод.HDMI,ПК,Принтер,NoCredit
Провод.HDMI,ПК,Принтер,NoCredit
Провод.HDMI,ПК,Принтер,NoCredit
Провод.HDMI,ПК,Принтер,NoCredit
Провод.HDMI,ПК,Принтер,NoCredit
Провод.HDMI,ПК,Принтер,NoCredit
Провод.HDMI,ПК,Принтер,NoCredit
ПК,NoCredit
ПК,NoCredit
ПК,NoCredit
ПК,NoCredit
ПК,NoCredit
ПК,NoCredit
ПК,NoCredit
ПК,NoCredit
ПК,NoCredit
ПК,NoCredit
ПК,NoCredit
ПК,NoCredit
ПК,NoCredit
ПК,NoCredit
Наушники,Провод.HDMI,Ноутбук,DVD.плеер,ЖК.телевизор,Холодильник,Credit
Ноутбук,ЖК.телевизор,ПК,NoCredit
Домашний.кинотеатр,DVD.плеер,ЖК.телевизор,ПК,Credit
Наушники,DVD.плеер,ЖК.телевизор,ПК,Холодильник,Принтер,NoCredit
Наушники,Провод.HDMI,Домашний.кинотеатр,DVD.плеер,ЖК.телевизор,Холодильник,Credit
Провод.HDMI,Домашний.кинотеатр,DVD.плеер,ЖК.телевизор,Принтер,NoCredit
Наушники,Домашний.кинотеатр,Ноутбук,DVD.плеер,Холодильник,NoCredit
Провод.HDMI,Ноутбук,ЖК.телевизор,Принтер,Credit
Наушники,Ноутбук,DVD.плеер,ЖК.телевизор,ПК,Холодильник,Принтер,Credit
Наушники,Провод.HDMI,Домашний.кинотеатр,Холодильник,Credit
Провод.HDMI,Ноутбук,Принтер,NoCredit
Провод.HDMI,Ноутбук,Принтер,NoCredit
Провод.HDMI,Ноутбук,Принтер,NoCredit
Провод.HDMI,Ноутбук,Принтер,NoCredit
Провод.HDMI,Ноутбук,Принтер,NoCredit
Провод.HDMI,Ноутбук,Принтер,NoCredit
Провод.HDMI,Ноутбук,Принтер,NoCredit
Провод.HDMI,Ноутбук,Принтер,NoCredit
Провод.HDMI,Ноутбук,Принтер,NoCredit
Холодильник,Credit
Холодильник,Credit
Холодильник,Credit
Холодильник,Credit
Холодильник,Credit
Холодильник,Credit
Холодильник,Credit
Холодильник,Credit
Холодильник,Credit
Холодильник,Credit
Холодильник,Credit
Холодильник,Credit
Холодильник,Credit
Холодильник,Credit
Холодильник,Credit
Провод.HDMI,DVD.плеер,ЖК.телевизор,Credit
Провод.HDMI,DVD.плеер,ЖК.телевизор,Credit
Провод.HDMI,DVD.плеер,ЖК.телевизор,Credit
Провод.HDMI,DVD.плеер,ЖК.телевизор,Credit
Провод.HDMI,DVD.плеер,ЖК.телевизор,Credit
Провод.HDMI,DVD.плеер,ЖК.телевизор,Credit
Провод.HDMI,DVD.плеер,ЖК.телевизор,Credit
Провод.HDMI,DVD.плеер,ЖК.телевизор,Credit
Провод.HDMI,DVD.плеер,ЖК.телевизор,Credit
Провод.HDMI,DVD.плеер,ЖК.телевизор,Credit
Провод.HDMI,DVD.плеер,ЖК.телевизор,Credit
Провод.HDMI,DVD.плеер,ЖК.телевизор,Credit
Провод.HDMI,DVD.плеер,ЖК.телевизор,Credit
Провод.HDMI,DVD.плеер,ЖК.телевизор,Credit
Провод.HDMI,DVD.плеер,ЖК.телевизор,Credit
Провод.HDMI,ПК,Принтер,NoCredit
Провод.HDMI,ПК,Принтер,NoCredit
Провод.HDMI,ПК,Принтер,NoCredit
Провод.HDMI,ПК,Принтер,NoCredit
Провод.HDMI,ПК,Принтер,NoCredit
Провод.HDMI,ПК,Принтер,NoCredit
Провод.HDMI,ПК,Принтер,NoCredit
Провод.HDMI,ПК,Принтер,NoCredit
Провод.HDMI,ПК,Принтер,NoCredit
Провод.HDMI,ПК,Принтер,NoCredit
Провод.HDMI,ПК,Принтер,NoCredit
Провод.HDMI,ПК,Принтер,NoCredit
Провод.HDMI,ПК,Принтер,NoCredit
ПК,NoCredit
ПК,NoCredit
ПК,NoCredit
ПК,NoCredit
ПК,NoCredit
ПК,NoCredit
ПК,NoCredit
ПК,NoCredit
ПК,NoCredit
ПК,NoCredit
ПК,NoCredit
ПК,NoCredit
ПК,NoCredit
ПК,NoCredit
Музыкальный.центр,Наушники,Провод.HDMI,Ноутбук,Холодильник,Принтер,Credit
Музыкальный.центр,Наушники,Провод.HDMI,ЖК.телевизор,ПК,Холодильник,Принтер,Credit
Музыкальный.центр,Провод.HDMI,Домашний.кинотеатр,ЖК.телевизор,ПК,Принтер,Credit
Музыкальный.центр,Наушники,Провод.HDMI,DVD.плеер,ЖК.телевизор,Принтер,NoCredit
Музыкальный.центр,Домашний.кинотеатр,Ноутбук,DVD.плеер,ЖК.телевизор,ПК,Холодильник,Принтер,NoCredit
Музыкальный.центр,Домашний.кинотеатр,Ноутбук,NoCredit
Музыкальный.центр,Провод.HDMI,Ноутбук,DVD.плеер,ЖК.телевизор,Холодильник,Credit
Музыкальный.центр,Домашний.кинотеатр,DVD.плеер,ЖК.телевизор,ПК,Холодильник,Принтер,NoCredit
Музыкальный.центр,Наушники,Домашний.кинотеатр,DVD.плеер,ЖК.телевизор,ПК,Холодильник,Credit
Музыкальный.центр,Наушники,Провод.HDMI,Домашний.кинотеатр,Ноутбук,ЖК.телевизор,ПК,Холодильник,Принтер,Credit
Музыкальный.центр,Наушники,Домашний.кинотеатр,DVD.плеер,ЖК.телевизор,Холодильник,NoCredit
Музыкальный.центр,Наушники,DVD.плеер,ПК,Принтер,Credit
Музыкальный.центр,Наушники,Домашний.кинотеатр,Credit
Музыкальный.центр,Наушники,Домашний.кинотеатр,Credit
Музыкальный.центр,Наушники,Домашний.кинотеатр,Credit
Музыкальный.центр,Наушники,Домашний.кинотеатр,Credit
Музыкальный.центр,Наушники,Домашний.кинотеатр,Credit
Музыкальный.центр,Наушники,Домашний.кинотеатр,Credit
Музыкальный.центр,Наушники,Домашний.кинотеатр,Credit
Музыкальный.центр,Наушники,Домашний.кинотеатр,Credit
Музыкальный.центр,Наушники,Домашний.кинотеатр,Credit
Музыкальный.центр,Наушники,Домашний.кинотеатр,Credit
Музыкальный.центр,Наушники,Домашний.кинотеатр,Credit
Музыкальный.центр,Наушники,Домашний.кинотеатр,Credit
Музыкальный.центр,DVD.плеер,ЖК.телевизор,Холодильник,Credit
Музыкальный.центр,DVD.плеер,ЖК.телевизор,Холодильник,Credit
Музыкальный.центр,DVD.плеер,ЖК.телевизор,Холодильник,Credit
Музыкальный.центр,DVD.плеер,ЖК.телевизор,Холодильник,Credit
Музыкальный.центр,DVD.плеер,ЖК.телевизор,Холодильник,Credit
Музыкальный.центр,DVD.плеер,ЖК.телевизор,Холодильник,Credit
Музыкальный.центр,DVD.плеер,ЖК.телевизор,Холодильник,Credit
Музыкальный.центр,Наушники,NoCredit
Музыкальный.центр,Наушники,NoCredit
Музыкальный.центр,Наушники,NoCredit
Музыкальный.центр,Наушники,NoCredit
Музыкальный.центр,Наушники,NoCredit
Музыкальный.центр,Наушники,NoCredit
Музыкальный.центр,Наушники,NoCredit
Музыкальный.центр,Наушники,NoCredit
Музыкальный.центр,Наушники,NoCredit
Музыкальный.центр,Наушники,NoCredit
Музыкальный.центр,Наушники,NoCredit
Музыкальный.центр,Наушники,NoCredit
Музыкальный.центр,Наушники,NoCredit
Музыкальный.центр,Наушники,NoCredit
Музыкальный.центр,Наушники,NoCredit
Музыкальный.центр,Наушники,NoCredit
Музыкальный.центр,Наушники,Провод.HDMI,Ноутбук,Холодильник,Принтер,Credit
Музыкальный.центр,Наушники,Провод.HDMI,ЖК.телевизор,ПК,Холодильник,Принтер,Credit
Музыкальный.центр,Провод.HDMI,Домашний.кинотеатр,ЖК.телевизор,ПК,Принтер,Credit
Музыкальный.центр,Наушники,Провод.HDMI,DVD.плеер,ЖК.телевизор,Принтер,NoCredit
Музыкальный.центр,Домашний.кинотеатр,Ноутбук,DVD.плеер,ЖК.телевизор,ПК,Холодильник,Принтер,NoCredit
Музыкальный.центр,Домашний.кинотеатр,Ноутбук,NoCredit
Музыкальный.центр,Провод.HDMI,Ноутбук,DVD.плеер,ЖК.телевизор,Холодильник,Credit
Музыкальный.центр,Домашний.кинотеатр,DVD.плеер,ЖК.телевизор,ПК,Холодильник,Принтер,NoCredit
Музыкальный.центр,Наушники,Домашний.кинотеатр,DVD.плеер,ЖК.телевизор,ПК,Холодильник,Credit
Музыкальный.центр,Наушники,Провод.HDMI,Домашний.кинотеатр,Ноутбук,ЖК.телевизор,ПК,Холодильник,Принтер,Credit
Музыкальный.центр,Наушники,Домашний.кинотеатр,DVD.плеер,ЖК.телевизор,Холодильник,NoCredit
Музыкальный.центр,Наушники,DVD.плеер,ПК,Принтер,Credit
Музыкальный.центр,Наушники,Домашний.кинотеатр,Credit
Музыкальный.центр,Наушники,Домашний.кинотеатр,Credit
Музыкальный.центр,Наушники,Домашний.кинотеатр,Credit
Музыкальный.центр,Наушники,Домашний.кинотеатр,Credit
Музыкальный.центр,Наушники,Домашний.кинотеатр,Credit
Музыкальный.центр,Наушники,Домашний.кинотеатр,Credit
Музыкальный.центр,Наушники,Домашний.кинотеатр,Credit
Музыкальный.центр,Наушники,Домашний.кинотеатр,Credit
Музыкальный.центр,Наушники,Домашний.кинотеатр,Credit
Музыкальный.центр,Наушники,Домашний.кинотеатр,Credit
Музыкальный.центр,Наушники,Домашний.кинотеатр,Credit
Музыкальный.центр,Наушники,Домашний.кинотеатр,Credit
Музыкальный.центр,DVD.плеер,ЖК.телевизор,Холодильник,Credit
Музыкальный.центр,DVD.плеер,ЖК.телевизор,Холодильник,Credit
Музыкальный.центр,DVD.плеер,ЖК.телевизор,Холодильник,Credit
Музыкальный.центр,DVD.плеер,ЖК.телевизор,Холодильник,Credit
Музыкальный.центр,DVD.плеер,ЖК.телевизор,Холодильник,Credit
Музыкальный.центр,DVD.плеер,ЖК.телевизор,Холодильник,Credit
Музыкальный.центр,DVD.плеер,ЖК.телевизор,Холодильник,Credit
Музыкальный.центр,Наушники,NoCredit
Музыкальный.центр,Наушники,NoCredit
Музыкальный.центр,Наушники,NoCredit
Музыкальный.центр,Наушники,NoCredit
Музыкальный.центр,Наушники,NoCredit
Музыкальный.центр,Наушники,NoCredit
Музыкальный.центр,Наушники,NoCredit
Музыкальный.центр,Наушники,NoCredit
Музыкальный.центр,Наушники,NoCredit
Музыкальный.центр,Наушники,NoCredit
Музыкальный.центр,Наушники,NoCredit
Музыкальный.центр,Наушники,NoCredit
Музыкальный.центр,Наушники,NoCredit
Музыкальный.центр,Наушники,NoCredit
Музыкальный.центр,Наушники,NoCredit
Музыкальный.центр,Наушники,NoCredit
Музыкальный.центр,Наушники,Провод.HDMI,Ноутбук,Холодильник,Принтер,Credit
Музыкальный.центр,Наушники,Провод.HDMI,ЖК.телевизор,ПК,Холодильник,Принтер,Credit
Музыкальный.центр,Провод.HDMI,Домашний.кинотеатр,ЖК.телевизор,ПК,Принтер,Credit
Музыкальный.центр,Наушники,Провод.HDMI,DVD.плеер,ЖК.телевизор,Принтер,NoCredit
Музыкальный.центр,Домашний.кинотеатр,Ноутбук,DVD.плеер,ЖК.телевизор,ПК,Холодильник,Принтер,NoCredit
Музыкальный.центр,Домашний.кинотеатр,Ноутбук,NoCredit
Музыкальный.центр,Провод.HDMI,Ноутбук,DVD.плеер,ЖК.телевизор,Холодильник,Credit
Музыкальный.центр,Домашний.кинотеатр,DVD.плеер,ЖК.телевизор,ПК,Холодильник,Принтер,NoCredit
Музыкальный.центр,Наушники,Домашний.кинотеатр,DVD.плеер,ЖК.телевизор,ПК,Холодильник,Credit
Музыкальный.центр,Наушники,Провод.HDMI,Домашний.кинотеатр,Ноутбук,ЖК.телевизор,ПК,Холодильник,Принтер,Credit
Музыкальный.центр,Наушники,Домашний.кинотеатр,DVD.плеер,ЖК.телевизор,Холодильник,NoCredit
Музыкальный.центр,Наушники,DVD.плеер,ПК,Принтер,Credit
Музыкальный.центр,Наушники,Домашний.кинотеатр,Credit
Музыкальный.центр,Наушники,Домашний.кинотеатр,Credit
Музыкальный.центр,Наушники,Домашний.кинотеатр,Credit
Музыкальный.центр,Наушники,Домашний.кинотеатр,Credit
Музыкальный.центр,Наушники,Домашний.кинотеатр,Credit
Музыкальный.центр,Наушники,Домашний.кинотеатр,Credit
Музыкальный.центр,Наушники,Домашний.кинотеатр,Credit
Музыкальный.центр,Наушники,Домашний.кинотеатр,Credit
Музыкальный.центр,Наушники,Домашний.кинотеатр,Credit
Музыкальный.центр,Наушники,Домашний.кинотеатр,Credit
Музыкальный.центр,Наушники,Домашний.кинотеатр,Credit
Музыкальный.центр,Наушники,Домашний.кинотеатр,Credit
Музыкальный.центр,DVD.плеер,ЖК.телевизор,Холодильник,Credit
Музыкальный.центр,DVD.плеер,ЖК.телевизор,Холодильник,Credit
Музыкальный.центр,DVD.плеер,ЖК.телевизор,Холодильник,Credit
Музыкальный.центр,DVD.плеер,ЖК.телевизор,Холодильник,Credit
Музыкальный.центр,DVD.плеер,ЖК.телевизор,Холодильник,Credit
Музыкальный.центр,DVD.плеер,ЖК.телевизор,Холодильник,Credit
Музыкальный.центр,DVD.плеер,ЖК.телевизор,Холодильник,Credit
Музыкальный.центр,Наушники,NoCredit
Музыкальный.центр,Наушники,NoCredit
Музыкальный.центр,Наушники,NoCredit
Музыкальный.центр,Наушники,NoCredit
Музыкальный.центр,Наушники,NoCredit
Музыкальный.центр,Наушники,NoCredit
Музыкальный.центр,Наушники,NoCredit
Музыкальный.центр,Наушники,NoCredit
Музыкальный.центр,Наушники,NoCredit
Музыкальный.центр,Наушники,NoCredit
Музыкальный.центр,Наушники,NoCredit
Музыкальный.центр,Наушники,NoCredit
Музыкальный.центр,Наушники,NoCredit
Музыкальный.центр,Наушники,NoCredit
Музыкальный.центр,Наушники,NoCredit
Музыкальный.центр,Наушники,NoCredit
Музыкальный.центр,Наушники,Провод.HDMI,Ноутбук,Холодильник,Принтер,Credit
Музыкальный.центр,Наушники,Провод.HDMI,ЖК.телевизор,ПК,Холодильник,Принтер,Credit
Музыкальный.центр,Провод.HDMI,Домашний.кинотеатр,ЖК.телевизор,ПК,Принтер,Credit
Музыкальный.центр,Наушники,Провод.HDMI,DVD.плеер,ЖК.телевизор,Принтер,NoCredit
Музыкальный.центр,Домашний.кинотеатр,Ноутбук,DVD.плеер,ЖК.телевизор,ПК,Холодильник,Принтер,NoCredit
Музыкальный.центр,Домашний.кинотеатр,Ноутбук,NoCredit
Музыкальный.центр,Провод.HDMI,Ноутбук,DVD.плеер,ЖК.телевизор,Холодильник,Credit
Музыкальный.центр,Домашний.кинотеатр,DVD.плеер,ЖК.телевизор,ПК,Холодильник,Принтер,NoCredit
Музыкальный.центр,Наушники,Домашний.кинотеатр,DVD.плеер,ЖК.телевизор,ПК,Холодильник,Credit
Музыкальный.центр,Наушники,Провод.HDMI,Домашний.кинотеатр,Ноутбук,ЖК.телевизор,ПК,Холодильник,Принтер,Credit
Музыкальный.центр,Наушники,Домашний.кинотеатр,DVD.плеер,ЖК.телевизор,Холодильник,NoCredit
Музыкальный.центр,Наушники,DVD.плеер,ПК,Принтер,Credit
Музыкальный.центр,Наушники,Домашний.кинотеатр,Credit
Музыкальный.центр,Наушники,Домашний.кинотеатр,Credit
Музыкальный.центр,Наушники,Домашний.кинотеатр,Credit
Музыкальный.центр,Наушники,Домашний.кинотеатр,Credit
Музыкальный.центр,Наушники,Домашний.кинотеатр,Credit
Музыкальный.центр,Наушники,Домашний.кинотеатр,Credit
Музыкальный.центр,Наушники,Домашний.кинотеатр,Credit
Музыкальный.центр,Наушники,Домашний.кинотеатр,Credit
Музыкальный.центр,Наушники,Домашний.кинотеатр,Credit
Музыкальный.центр,Наушники,Домашний.кинотеатр,Credit
Музыкальный.центр,Наушники,Домашний.кинотеатр,Credit
Музыкальный.центр,Наушники,Домашний.кинотеатр,Credit
Музыкальный.центр,DVD.плеер,ЖК.телевизор,Холодильник,Credit
Музыкальный.центр,DVD.плеер,ЖК.телевизор,Холодильник,Credit
Музыкальный.центр,DVD.плеер,ЖК.телевизор,Холодильник,Credit
Музыкальный.центр,DVD.плеер,ЖК.телевизор,Холодильник,Credit
Музыкальный.центр,DVD.плеер,ЖК.телевизор,Холодильник,Credit
Музыкальный.центр,DVD.плеер,ЖК.телевизор,Холодильник,Credit
Музыкальный.центр,DVD.плеер,ЖК.телевизор,Холодильник,Credit
Музыкальный.центр,Наушники,NoCredit
Музыкальный.центр,Наушники,NoCredit
Музыкальный.центр,Наушники,NoCredit
Музыкальный.центр,Наушники,NoCredit
Музыкальный.центр,Наушники,NoCredit
Музыкальный.центр,Наушники,NoCredit
Музыкальный.центр,Наушники,NoCredit
Музыкальный.центр,Наушники,NoCredit
Музыкальный.центр,Наушники,NoCredit
Музыкальный.центр,Наушники,NoCredit
Музыкальный.центр,Наушники,NoCredit
Музыкальный.центр,Наушники,NoCredit
Музыкальный.центр,Наушники,NoCredit
Музыкальный.центр,Наушники,NoCredit
Музыкальный.центр,Наушники,NoCredit
Музыкальный.центр,Наушники,NoCredit
Музыкальный.центр,Наушники,Провод.HDMI,Ноутбук,Холодильник,Принтер,Credit
Музыкальный.центр,Наушники,Провод.HDMI,ЖК.телевизор,ПК,Холодильник,Принтер,Credit
Музыкальный.центр,Провод.HDMI,Домашний.кинотеатр,ЖК.телевизор,ПК,Принтер,Credit
Музыкальный.центр,Наушники,Провод.HDMI,DVD.плеер,ЖК.телевизор,Принтер,NoCredit
Музыкальный.центр,Домашний.кинотеатр,Ноутбук,DVD.плеер,ЖК.телевизор,ПК,Холодильник,Принтер,NoCredit
Музыкальный.центр,Домашний.кинотеатр,Ноутбук,NoCredit
Музыкальный.центр,Провод.HDMI,Ноутбук,DVD.плеер,ЖК.телевизор,Холодильник,Credit
Музыкальный.центр,Домашний.кинотеатр,DVD.плеер,ЖК.телевизор,ПК,Холодильник,Принтер,NoCredit
Музыкальный.центр,Наушники,Домашний.кинотеатр,DVD.плеер,ЖК.телевизор,ПК,Холодильник,Credit
Музыкальный.центр,Наушники,Провод.HDMI,Домашний.кинотеатр,Ноутбук,ЖК.телевизор,ПК,Холодильник,Принтер,Credit
Музыкальный.центр,Наушники,Домашний.кинотеатр,DVD.плеер,ЖК.телевизор,Холодильник,NoCredit
Музыкальный.центр,Наушники,DVD.плеер,ПК,Принтер,Credit
Музыкальный.центр,Наушники,Домашний.кинотеатр,Credit
Музыкальный.центр,Наушники,Домашний.кинотеатр,Credit
Музыкальный.центр,Наушники,Домашний.кинотеатр,Credit
Музыкальный.центр,Наушники,Домашний.кинотеатр,Credit
Музыкальный.центр,Наушники,Домашний.кинотеатр,Credit
Музыкальный.центр,Наушники,Домашний.кинотеатр,Credit
Музыкальный.центр,Наушники,Домашний.кинотеатр,Credit
Музыкальный.центр,Наушники,Домашний.кинотеатр,Credit
Музыкальный.центр,Наушники,Домашний.кинотеатр,Credit
Музыкальный.центр,Наушники,Домашний.кинотеатр,Credit
Музыкальный.центр,Наушники,Домашний.кинотеатр,Credit
Музыкальный.центр,Наушники,Домашний.кинотеатр,Credit
Музыкальный.центр,DVD.плеер,ЖК.телевизор,Холодильник,Credit
Музыкальный.центр,DVD.плеер,ЖК.телевизор,Холодильник,Credit
Музыкальный.центр,DVD.плеер,ЖК.телевизор,Холодильник,Credit
Музыкальный.центр,DVD.плеер,ЖК.телевизор,Холодильник,Credit
Музыкальный.центр,DVD.плеер,ЖК.телевизор,Холодильник,Credit
Музыкальный.центр,DVD.плеер,ЖК.телевизор,Холодильник,Credit
Музыкальный.центр,DVD.плеер,ЖК.телевизор,Холодильник,Credit
Музыкальный.центр,Наушники,NoCredit
Музыкальный.центр,Наушники,NoCredit
Музыкальный.центр,Наушники,NoCredit
Музыкальный.центр,Наушники,NoCredit
Музыкальный.центр,Наушники,NoCredit
Музыкальный.центр,Наушники,NoCredit
Музыкальный.центр,Наушники,NoCredit
Музыкальный.центр,Наушники,NoCredit
Музыкальный.центр,Наушники,NoCredit
Музыкальный.центр,Наушники,NoCredit
Музыкальный.центр,Наушники,NoCredit
Музыкальный.центр,Наушники,NoCredit
Музыкальный.центр,Наушники,NoCredit
Музыкальный.центр,Наушники,NoCredit
Музыкальный.центр,Наушники,NoCredit
Музыкальный.центр,Наушники,NoCredit
Музыкальный.центр,Наушники,Провод.HDMI,Ноутбук,Холодильник,Принтер,Credit
Музыкальный.центр,Наушники,Провод.HDMI,ЖК.телевизор,ПК,Холодильник,Принтер,Credit
Музыкальный.центр,Провод.HDMI,Домашний.кинотеатр,ЖК.телевизор,ПК,Принтер,Credit
Музыкальный.центр,Наушники,Провод.HDMI,DVD.плеер,ЖК.телевизор,Принтер,NoCredit
Музыкальный.центр,Домашний.кинотеатр,Ноутбук,DVD.плеер,ЖК.телевизор,ПК,Холодильник,Принтер,NoCredit
Музыкальный.центр,Домашний.кинотеатр,Ноутбук,NoCredit
Музыкальный.центр,Провод.HDMI,Ноутбук,DVD.плеер,ЖК.телевизор,Холодильник,Credit
Музыкальный.центр,Домашний.кинотеатр,DVD.плеер,ЖК.телевизор,ПК,Холодильник,Принтер,NoCredit
Музыкальный.центр,Наушники,Домашний.кинотеатр,DVD.плеер,ЖК.телевизор,ПК,Холодильник,Credit
Музыкальный.центр,Наушники,Провод.HDMI,Домашний.кинотеатр,Ноутбук,ЖК.телевизор,ПК,Холодильник,Принтер,Credit
Музыкальный.центр,Наушники,Домашний.кинотеатр,DVD.плеер,ЖК.телевизор,Холодильник,NoCredit
Музыкальный.центр,Наушники,DVD.плеер,ПК,Принтер,Credit
Музыкальный.центр,Наушники,Домашний.кинотеатр,Credit
Музыкальный.центр,Наушники,Домашний.кинотеатр,Credit
Музыкальный.центр,Наушники,Домашний.кинотеатр,Credit
Музыкальный.центр,Наушники,Домашний.кинотеатр,Credit
Музыкальный.центр,Наушники,Домашний.кинотеатр,Credit
Музыкальный.центр,Наушники,Домашний.кинотеатр,Credit
Музыкальный.центр,Наушники,Домашний.кинотеатр,Credit
Музыкальный.центр,Наушники,Домашний.кинотеатр,Credit
Музыкальный.центр,Наушники,Домашний.кинотеатр,Credit
Музыкальный.центр,Наушники,Домашний.кинотеатр,Credit
Музыкальный.центр,Наушники,Домашний.кинотеатр,Credit
Музыкальный.центр,Наушники,Домашний.кинотеатр,Credit
Музыкальный.центр,DVD.плеер,ЖК.телевизор,Холодильник,Credit
Музыкальный.центр,DVD.плеер,ЖК.телевизор,Холодильник,Credit
Музыкальный.центр,DVD.плеер,ЖК.телевизор,Холодильник,Credit
Музыкальный.центр,DVD.плеер,ЖК.телевизор,Холодильник,Credit
Музыкальный.центр,DVD.плеер,ЖК.телевизор,Холодильник,Credit
Музыкальный.центр,DVD.плеер,ЖК.телевизор,Холодильник,Credit
Музыкальный.центр,DVD.плеер,ЖК.телевизор,Холодильник,Credit
Музыкальный.центр,Наушники,NoCredit
Музыкальный.центр,Наушники,NoCredit
Музыкальный.центр,Наушники,NoCredit
Музыкальный.центр,Наушники,NoCredit
Музыкальный.центр,Наушники,NoCredit
Музыкальный.центр,Наушники,NoCredit
Музыкальный.центр,Наушники,NoCredit
Музыкальный.центр,Наушники,NoCredit
Музыкальный.центр,Наушники,NoCredit
Музыкальный.центр,Наушники,NoCredit
Музыкальный.центр,Наушники,NoCredit
Музыкальный.центр,Наушники,NoCredit
Музыкальный.центр,Наушники,NoCredit
Музыкальный.центр,Наушники,NoCredit
Музыкальный.центр,Наушники,NoCredit
Музыкальный.центр,Наушники,NoCredit
Музыкальный.центр,Наушники,Провод.HDMI,Ноутбук,Холодильник,Принтер,Credit
Музыкальный.центр,Наушники,Провод.HDMI,ЖК.телевизор,ПК,Холодильник,Принтер,Credit
Музыкальный.центр,Провод.HDMI,Домашний.кинотеатр,ЖК.телевизор,ПК,Принтер,Credit
Музыкальный.центр,Наушники,Провод.HDMI,DVD.плеер,ЖК.телевизор,Принтер,NoCredit
Музыкальный.центр,Домашний.кинотеатр,Ноутбук,DVD.плеер,ЖК.телевизор,ПК,Холодильник,Принтер,NoCredit
Музыкальный.центр,Домашний.кинотеатр,Ноутбук,NoCredit
Музыкальный.центр,Провод.HDMI,Ноутбук,DVD.плеер,ЖК.телевизор,Холодильник,Credit
Музыкальный.центр,Домашний.кинотеатр,DVD.плеер,ЖК.телевизор,ПК,Холодильник,Принтер,NoCredit
Музыкальный.центр,Наушники,Домашний.кинотеатр,DVD.плеер,ЖК.телевизор,ПК,Холодильник,Credit
Музыкальный.центр,Наушники,Провод.HDMI,Домашний.кинотеатр,Ноутбук,ЖК.телевизор,ПК,Холодильник,Принтер,Credit
Музыкальный.центр,Наушники,Домашний.кинотеатр,DVD.плеер,ЖК.телевизор,Холодильник,NoCredit
Музыкальный.центр,Наушники,DVD.плеер,ПК,Принтер,Credit
Музыкальный.центр,Наушники,Домашний.кинотеатр,Credit
Музыкальный.центр,Наушники,Домашний.кинотеатр,Credit
Музыкальный.центр,Наушники,Домашний.кинотеатр,Credit
Музыкальный.центр,Наушники,Домашний.кинотеатр,Credit
Музыкальный.центр,Наушники,Домашний.кинотеатр,Credit
Музыкальный.центр,Наушники,Домашний.кинотеатр,Credit
Музыкальный.центр,Наушники,Домашний.кинотеатр,Credit
Музыкальный.центр,Наушники,Домашний.кинотеатр,Credit
Музыкальный.центр,Наушники,Домашний.кинотеатр,Credit
Музыкальный.центр,Наушники,Домашний.кинотеатр,Credit
Музыкальный.центр,Наушники,Домашний.кинотеатр,Credit
Музыкальный.центр,Наушники,Домашний.кинотеатр,Credit
Музыкальный.центр,DVD.плеер,ЖК.телевизор,Холодильник,Credit
Музыкальный.центр,DVD.плеер,ЖК.телевизор,Холодильник,Credit
Музыкальный.центр,DVD.плеер,ЖК.телевизор,Холодильник,Credit
Музыкальный.центр,DVD.плеер,ЖК.телевизор,Холодильник,Credit
Музыкальный.центр,DVD.плеер,ЖК.телевизор,Холодильник,Credit
Музыкальный.центр,DVD.плеер,ЖК.телевизор,Холодильник,Credit
Музыкальный.центр,DVD.плеер,ЖК.телевизор,Холодильник,Credit
Музыкальный.центр,Наушники,NoCredit
Музыкальный.центр,Наушники,NoCredit
Музыкальный.центр,Наушники,NoCredit
Музыкальный.центр,Наушники,NoCredit
Музыкальный.центр,Наушники,NoCredit
Музыкальный.центр,Наушники,NoCredit
Музыкальный.центр,Наушники,NoCredit
Музыкальный.центр,Наушники,NoCredit
Музыкальный.центр,Наушники,NoCredit
Музыкальный.центр,Наушники,NoCredit
Музыкальный.центр,Наушники,NoCredit
Музыкальный.центр,Наушники,NoCredit
Музыкальный.центр,Наушники,NoCredit
Музыкальный.центр,Наушники,NoCredit
Музыкальный.центр,Наушники,NoCredit
Музыкальный.центр,Наушники,NoCredit
Музыкальный.центр,Наушники,Провод.HDMI,Ноутбук,Холодильник,Принтер,Credit
Музыкальный.центр,Наушники,Провод.HDMI,ЖК.телевизор,ПК,Холодильник,Принтер,Credit
Музыкальный.центр,Провод.HDMI,Домашний.кинотеатр,ЖК.телевизор,ПК,Принтер,Credit
Музыкальный.центр,Наушники,Провод.HDMI,DVD.плеер,ЖК.телевизор,Принтер,NoCredit
Музыкальный.центр,Домашний.кинотеатр,Ноутбук,DVD.плеер,ЖК.телевизор,ПК,Холодильник,Принтер,NoCredit
Музыкальный.центр,Домашний.кинотеатр,Ноутбук,NoCredit
Музыкальный.центр,Провод.HDMI,Ноутбук,DVD.плеер,ЖК.телевизор,Холодильник,Credit
Музыкальный.центр,Домашний.кинотеатр,DVD.плеер,ЖК.телевизор,ПК,Холодильник,Принтер,NoCredit
Музыкальный.центр,Наушники,Домашний.кинотеатр,DVD.плеер,ЖК.телевизор,ПК,Холодильник,Credit
Музыкальный.центр,Наушники,Провод.HDMI,Домашний.кинотеатр,Ноутбук,ЖК.телевизор,ПК,Холодильник,Принтер,Credit
Музыкальный.центр,Наушники,Домашний.кинотеатр,DVD.плеер,ЖК.телевизор,Холодильник,NoCredit
Музыкальный.центр,Наушники,DVD.плеер,ПК,Принтер,Credit
Музыкальный.центр,Наушники,Домашний.кинотеатр,Credit
Музыкальный.центр,Наушники,Домашний.кинотеатр,Credit
Музыкальный.центр,Наушники,Домашний.кинотеатр,Credit
Музыкальный.центр,Наушники,Домашний.кинотеатр,Credit
Музыкальный.центр,Наушники,Домашний.кинотеатр,Credit
Музыкальный.центр,Наушники,Домашний.кинотеатр,Credit
Музыкальный.центр,Наушники,Домашний.кинотеатр,Credit
Музыкальный.центр,Наушники,Домашний.кинотеатр,Credit
Музыкальный.центр,Наушники,Домашний.кинотеатр,Credit
Музыкальный.центр,Наушники,Домашний.кинотеатр,Credit
Музыкальный.центр,Наушники,Домашний.кинотеатр,Credit
Музыкальный.центр,Наушники,Домашний.кинотеатр,Credit
Музыкальный.центр,DVD.плеер,ЖК.телевизор,Холодильник,Credit
Музыкальный.центр,DVD.плеер,ЖК.телевизор,Холодильник,Credit
Музыкальный.центр,DVD.плеер,ЖК.телевизор,Холодильник,Credit
Музыкальный.центр,DVD.плеер,ЖК.телевизор,Холодильник,Credit
Музыкальный.центр,DVD.плеер,ЖК.телевизор,Холодильник,Credit
Музыкальный.центр,DVD.плеер,ЖК.телевизор,Холодильник,Credit
Музыкальный.центр,DVD.плеер,ЖК.телевизор,Холодильник,Credit
Музыкальный.центр,Наушники,NoCredit
Музыкальный.центр,Наушники,NoCredit
Музыкальный.центр,Наушники,NoCredit
Музыкальный.центр,Наушники,NoCredit
Музыкальный.центр,Наушники,NoCredit
Музыкальный.центр,Наушники,NoCredit
Музыкальный.центр,Наушники,NoCredit
Музыкальный.центр,Наушники,NoCredit
Музыкальный.центр,Наушники,NoCredit
Музыкальный.центр,Наушники,NoCredit
Музыкальный.центр,Наушники,NoCredit
Музыкальный.центр,Наушники,NoCredit
Музыкальный.центр,Наушники,NoCredit
Музыкальный.центр,Наушники,NoCredit
Музыкальный.центр,Наушники,NoCredit
Музыкальный.центр,Наушники,NoCredit
Музыкальный.центр,Наушники,Провод.HDMI,Ноутбук,Холодильник,Принтер,Credit
Музыкальный.центр,Наушники,Провод.HDMI,ЖК.телевизор,ПК,Холодильник,Принтер,Credit
Музыкальный.центр,Провод.HDMI,Домашний.кинотеатр,ЖК.телевизор,ПК,Принтер,Credit
Музыкальный.центр,Наушники,Провод.HDMI,DVD.плеер,ЖК.телевизор,Принтер,NoCredit
Музыкальный.центр,Домашний.кинотеатр,Ноутбук,DVD.плеер,ЖК.телевизор,ПК,Холодильник,Принтер,NoCredit
Музыкальный.центр,Домашний.кинотеатр,Ноутбук,NoCredit
Музыкальный.центр,Провод.HDMI,Ноутбук,DVD.плеер,ЖК.телевизор,Холодильник,Credit
Музыкальный.центр,Домашний.кинотеатр,DVD.плеер,ЖК.телевизор,ПК,Холодильник,Принтер,NoCredit
Музыкальный.центр,Наушники,Домашний.кинотеатр,DVD.плеер,ЖК.телевизор,ПК,Холодильник,Credit
Музыкальный.центр,Наушники,Провод.HDMI,Домашний.кинотеатр,Ноутбук,ЖК.телевизор,ПК,Холодильник,Принтер,Credit
Музыкальный.центр,Наушники,Домашний.кинотеатр,DVD.плеер,ЖК.телевизор,Холодильник,NoCredit
Музыкальный.центр,Наушники,DVD.плеер,ПК,Принтер,Credit
Музыкальный.центр,Наушники,Домашний.кинотеатр,Credit
Музыкальный.центр,Наушники,Домашний.кинотеатр,Credit
Музыкальный.центр,Наушники,Домашний.кинотеатр,Credit
Музыкальный.центр,Наушники,Домашний.кинотеатр,Credit
Музыкальный.центр,Наушники,Домашний.кинотеатр,Credit
Музыкальный.центр,Наушники,Домашний.кинотеатр,Credit
Музыкальный.центр,Наушники,Домашний.кинотеатр,Credit
Музыкальный.центр,Наушники,Домашний.кинотеатр,Credit
Музыкальный.центр,Наушники,Домашний.кинотеатр,Credit
Музыкальный.центр,Наушники,Домашний.кинотеатр,Credit
Музыкальный.центр,Наушники,Домашний.кинотеатр,Credit
Музыкальный.центр,Наушники,Домашний.кинотеатр,Credit
Музыкальный.центр,DVD.плеер,ЖК.телевизор,Холодильник,Credit
Музыкальный.центр,DVD.плеер,ЖК.телевизор,Холодильник,Credit
Музыкальный.центр,DVD.плеер,ЖК.телевизор,Холодильник,Credit
Музыкальный.центр,DVD.плеер,ЖК.телевизор,Холодильник,Credit
Музыкальный.центр,DVD.плеер,ЖК.телевизор,Холодильник,Credit
Музыкальный.центр,DVD.плеер,ЖК.телевизор,Холодильник,Credit
Музыкальный.центр,DVD.плеер,ЖК.телевизор,Холодильник,Credit
Музыкальный.центр,Наушники,NoCredit
Музыкальный.центр,Наушники,NoCredit
Музыкальный.центр,Наушники,NoCredit
Музыкальный.центр,Наушники,NoCredit
Музыкальный.центр,Наушники,NoCredit
Музыкальный.центр,Наушники,NoCredit
Музыкальный.центр,Наушники,NoCredit
Музыкальный.центр,Наушники,NoCredit
Музыкальный.центр,Наушники,NoCredit
Музыкальный.центр,Наушники,NoCredit
Музыкальный.центр,Наушники,NoCredit
Музыкальный.центр,Наушники,NoCredit
Музыкальный.центр,Наушники,NoCredit
Музыкальный.центр,Наушники,NoCredit
Музыкальный.центр,Наушники,NoCredit
Музыкальный.центр,Наушники,NoCredit
Музыкальный.центр,Наушники,Провод.HDMI,Ноутбук,Холодильник,Принтер,Credit
Музыкальный.центр,Наушники,Провод.HDMI,ЖК.телевизор,ПК,Холодильник,Принтер,Credit
Музыкальный.центр,Провод.HDMI,Домашний.кинотеатр,ЖК.телевизор,ПК,Принтер,Credit
Музыкальный.центр,Наушники,Провод.HDMI,DVD.плеер,ЖК.телевизор,Принтер,NoCredit
Музыкальный.центр,Домашний.кинотеатр,Ноутбук,DVD.плеер,ЖК.телевизор,ПК,Холодильник,Принтер,NoCredit
Музыкальный.центр,Домашний.кинотеатр,Ноутбук,NoCredit
Музыкальный.центр,Провод.HDMI,Ноутбук,DVD.плеер,ЖК.телевизор,Холодильник,Credit
Музыкальный.центр,Домашний.кинотеатр,DVD.плеер,ЖК.телевизор,ПК,Холодильник,Принтер,NoCredit
Музыкальный.центр,Наушники,Домашний.кинотеатр,DVD.плеер,ЖК.телевизор,ПК,Холодильник,Credit
Музыкальный.центр,Наушники,Провод.HDMI,Домашний.кинотеатр,Ноутбук,ЖК.телевизор,ПК,Холодильник,Принтер,Credit
Музыкальный.центр,Наушники,Домашний.кинотеатр,DVD.плеер,ЖК.телевизор,Холодильник,NoCredit
Музыкальный.центр,Наушники,DVD.плеер,ПК,Принтер,Credit
Музыкальный.центр,Наушники,Домашний.кинотеатр,Credit
Музыкальный.центр,Наушники,Домашний.кинотеатр,Credit
Музыкальный.центр,Наушники,Домашний.кинотеатр,Credit
Музыкальный.центр,Наушники,Домашний.кинотеатр,Credit
Музыкальный.центр,Наушники,Домашний.кинотеатр,Credit
Музыкальный.центр,Наушники,Домашний.кинотеатр,Credit
Музыкальный.центр,Наушники,Домашний.кинотеатр,Credit
Музыкальный.центр,Наушники,Домашний.кинотеатр,Credit
Музыкальный.центр,Наушники,Домашний.кинотеатр,Credit
Музыкальный.центр,Наушники,Домашний.кинотеатр,Credit
Музыкальный.центр,Наушники,Домашний.кинотеатр,Credit
Музыкальный.центр,Наушники,Домашний.кинотеатр,Credit
Музыкальный.центр,DVD.плеер,ЖК.телевизор,Холодильник,Credit
Музыкальный.центр,DVD.плеер,ЖК.телевизор,Холодильник,Credit
Музыкальный.центр,DVD.плеер,ЖК.телевизор,Холодильник,Credit
Музыкальный.центр,DVD.плеер,ЖК.телевизор,Холодильник,Credit
Музыкальный.центр,DVD.плеер,ЖК.телевизор,Холодильник,Credit
Музыкальный.центр,DVD.плеер,ЖК.телевизор,Холодильник,Credit
Музыкальный.центр,DVD.плеер,ЖК.телевизор,Холодильник,Credit
Музыкальный.центр,Наушники,NoCredit
Музыкальный.центр,Наушники,NoCredit
Музыкальный.центр,Наушники,NoCredit
Музыкальный.центр,Наушники,NoCredit
Музыкальный.центр,Наушники,NoCredit
Музыкальный.центр,Наушники,NoCredit
Музыкальный.центр,Наушники,NoCredit
Музыкальный.центр,Наушники,NoCredit
Музыкальный.центр,Наушники,NoCredit
Музыкальный.центр,Наушники,NoCredit
Музыкальный.центр,Наушники,NoCredit
Музыкальный.центр,Наушники,NoCredit
Музыкальный.центр,Наушники,NoCredit
Музыкальный.центр,Наушники,NoCredit
Музыкальный.центр,Наушники,NoCredit
Музыкальный.центр,Наушники,NoCredit
